"y","id","line","treat"
55.9927672532839,1,"MO001","Control"
55.8517742073655,1,"MO001","Control"
52.7782964821707,1,"MO001","Control"
55.9483464886538,1,"MO001","Control"
40.9906898307596,2,"MO001","Control"
47.8392793083329,2,"MO001","Control"
47.3507678118921,2,"MO001","Control"
49.1339584994311,2,"MO001","Control"
48.8309568137809,3,"MO001","Control"
47.010895061032,3,"MO001","Control"
48.8204539664608,3,"MO001","Control"
49.2328382859488,3,"MO001","Control"
44.6211434020033,4,"MO001","Control"
45.5585844670568,4,"MO001","Control"
43.3043674638234,4,"MO001","Control"
NA,4,"MO001","Control"
60.0759351505031,5,"MO001","EOD-FR"
50.2572859008152,5,"MO001","EOD-FR"
56.3153318852979,5,"MO001","EOD-FR"
NA,5,"MO001","EOD-FR"
60.8899373922067,6,"MO001","EOD-FR"
58.3419776914738,6,"MO001","EOD-FR"
NA,6,"MO001","EOD-FR"
NA,6,"MO001","EOD-FR"
52.111929401303,7,"MO001","EOD-FR"
53.2898703903256,7,"MO001","EOD-FR"
54.0415624818811,7,"MO001","EOD-FR"
52.2356160162724,7,"MO001","EOD-FR"
57.4353430358327,8,"MO001","EOD-FR"
60.03639859454,8,"MO001","EOD-FR"
64.1330512803112,8,"MO001","EOD-FR"
NA,8,"MO001","EOD-FR"
60.5531751774666,9,"MO005","Control"
61.9442699910039,9,"MO005","Control"
57.8823510463624,9,"MO005","Control"
58.4435175071253,9,"MO005","Control"
57.6299974885634,10,"MO005","Control"
61.6834531623899,10,"MO005","Control"
54.4090446540838,10,"MO005","Control"
65.4945205549426,10,"MO005","Control"
65.9863329516947,11,"MO005","Control"
60.6077479707267,11,"MO005","Control"
64.2353044271267,11,"MO005","Control"
62.0263945121061,11,"MO005","Control"
66.0300657058642,12,"MO005","Control"
63.8217462790141,12,"MO005","Control"
69.020215653216,12,"MO005","Control"
63.1126207011388,12,"MO005","Control"
72.0930217399185,13,"MO005","EOD-FR"
68.388498622691,13,"MO005","EOD-FR"
64.2039520335883,13,"MO005","EOD-FR"
70.0085479019996,13,"MO005","EOD-FR"
65.3115247443758,14,"MO005","EOD-FR"
67.0590440660941,14,"MO005","EOD-FR"
61.3942585590307,14,"MO005","EOD-FR"
NA,14,"MO005","EOD-FR"
68.7636079175987,15,"MO005","EOD-FR"
66.7050394719031,15,"MO005","EOD-FR"
68.5847600717351,15,"MO005","EOD-FR"
70.1436998814329,15,"MO005","EOD-FR"
71.156929613405,16,"MO005","EOD-FR"
68.5364436296977,16,"MO005","EOD-FR"
62.3279460333761,16,"MO005","EOD-FR"
69.3130557539288,16,"MO005","EOD-FR"
60.9215341044727,17,"MO007","Control"
60.970274674431,17,"MO007","Control"
64.4110701766511,17,"MO007","Control"
68.2166854214469,17,"MO007","Control"
66.6691440367007,18,"MO007","Control"
61.1062209141775,18,"MO007","Control"
70.4709562269688,18,"MO007","Control"
60.3787319824063,18,"MO007","Control"
67.3332901571085,19,"MO007","Control"
62.8979176166609,19,"MO007","Control"
NA,19,"MO007","Control"
NA,19,"MO007","Control"
68.3895153655811,20,"MO007","Control"
61.3039473458308,20,"MO007","Control"
NA,20,"MO007","Control"
NA,20,"MO007","Control"
78.9512225788765,21,"MO007","EOD-FR"
NA,21,"MO007","EOD-FR"
NA,21,"MO007","EOD-FR"
NA,21,"MO007","EOD-FR"
70.5291184634202,22,"MO007","EOD-FR"
79.1831663283527,22,"MO007","EOD-FR"
76.5935764814022,22,"MO007","EOD-FR"
70.615428687674,22,"MO007","EOD-FR"
74.4624008167329,23,"MO007","EOD-FR"
74.2627046267866,23,"MO007","EOD-FR"
77.5505071607894,23,"MO007","EOD-FR"
83.7493222123839,23,"MO007","EOD-FR"
76.2924081836161,24,"MO007","EOD-FR"
73.1643316954683,24,"MO007","EOD-FR"
72.2280601878241,24,"MO007","EOD-FR"
NA,24,"MO007","EOD-FR"
61.2695655170254,25,"MO008","Control"
63.0043955902187,25,"MO008","Control"
68.3477295832625,25,"MO008","Control"
71.0971635480523,25,"MO008","Control"
61.262896791508,26,"MO008","Control"
63.7635330145091,26,"MO008","Control"
66.7587221624102,26,"MO008","Control"
NA,26,"MO008","Control"
62.412125204042,27,"MO008","Control"
62.7058287477391,27,"MO008","Control"
65.1115841530317,27,"MO008","Control"
NA,27,"MO008","Control"
58.8020653902232,28,"MO008","Control"
59.5865643816578,28,"MO008","Control"
58.8922124807997,28,"MO008","Control"
61.0337973715303,28,"MO008","Control"
68.9863865214005,29,"MO008","EOD-FR"
70.6564252178609,29,"MO008","EOD-FR"
70.0797900068033,29,"MO008","EOD-FR"
NA,29,"MO008","EOD-FR"
74.444953231045,30,"MO008","EOD-FR"
71.2797248081093,30,"MO008","EOD-FR"
65.4378536861305,30,"MO008","EOD-FR"
NA,30,"MO008","EOD-FR"
71.4187158996765,31,"MO008","EOD-FR"
66.9719944287487,31,"MO008","EOD-FR"
60.1975535594655,31,"MO008","EOD-FR"
73.6545963095116,31,"MO008","EOD-FR"
66.2955063044286,32,"MO008","EOD-FR"
71.8007131712161,32,"MO008","EOD-FR"
74.7044022233902,32,"MO008","EOD-FR"
65.3875986236379,32,"MO008","EOD-FR"
86.1846869234068,33,"MO012","Control"
NA,33,"MO012","Control"
NA,33,"MO012","Control"
NA,33,"MO012","Control"
91.9890295674825,34,"MO012","EOD-FR"
84.5411971671429,34,"MO012","EOD-FR"
98.0506499384176,34,"MO012","EOD-FR"
87.0438855748867,34,"MO012","EOD-FR"
105.771494126938,35,"MO014","Control"
105.803448464926,35,"MO014","Control"
104.714005758746,35,"MO014","Control"
NA,35,"MO014","Control"
98.4146472629557,36,"MO014","Control"
95.0069995912163,36,"MO014","Control"
96.3926775910531,36,"MO014","Control"
92.2472066734224,36,"MO014","Control"
97.7741457154844,37,"MO014","Control"
103.474441338834,37,"MO014","Control"
101.668649920422,37,"MO014","Control"
96.3693913666002,37,"MO014","Control"
100.154891272851,38,"MO014","Control"
97.639104295511,38,"MO014","Control"
103.31033177279,38,"MO014","Control"
99.1666521891282,38,"MO014","Control"
101.662767767082,39,"MO014","EOD-FR"
107.568318541152,39,"MO014","EOD-FR"
108.236637189762,39,"MO014","EOD-FR"
110.999057603605,39,"MO014","EOD-FR"
110.797491112929,40,"MO014","EOD-FR"
105.292790355334,40,"MO014","EOD-FR"
106.235452902014,40,"MO014","EOD-FR"
101.986818241689,40,"MO014","EOD-FR"
111.237654185127,41,"MO014","EOD-FR"
110.849318565236,41,"MO014","EOD-FR"
118.145866426674,41,"MO014","EOD-FR"
NA,41,"MO014","EOD-FR"
113.849418852498,42,"MO014","EOD-FR"
109.604091245155,42,"MO014","EOD-FR"
110.164877038313,42,"MO014","EOD-FR"
110.887855601674,42,"MO014","EOD-FR"
45.7317869751062,43,"MO015","Control"
47.0716048694461,43,"MO015","Control"
42.4444364168582,43,"MO015","Control"
50.2409492405209,43,"MO015","Control"
50.9446976595077,44,"MO015","Control"
49.906977308698,44,"MO015","Control"
47.1564767040473,44,"MO015","Control"
49.7617064768122,44,"MO015","Control"
47.1344736370181,45,"MO015","Control"
42.5637465025614,45,"MO015","Control"
49.4067659666426,45,"MO015","Control"
45.9381209759263,45,"MO015","Control"
46.8410513026004,46,"MO015","Control"
50.5660083934498,46,"MO015","Control"
49.4672602912203,46,"MO015","Control"
53.9963316478201,46,"MO015","Control"
52.2051833429103,47,"MO015","EOD-FR"
55.6317184456014,47,"MO015","EOD-FR"
54.1138225705762,47,"MO015","EOD-FR"
57.2066627988484,47,"MO015","EOD-FR"
59.3125080291414,48,"MO015","EOD-FR"
58.1746910199914,48,"MO015","EOD-FR"
51.9327156025534,48,"MO015","EOD-FR"
51.2205592279078,48,"MO015","EOD-FR"
64.8049771604627,49,"MO015","EOD-FR"
60.6540739422965,49,"MO015","EOD-FR"
64.8416687291648,49,"MO015","EOD-FR"
58.7336044455911,49,"MO015","EOD-FR"
51.3014452143234,50,"MO015","EOD-FR"
50.1767106056554,50,"MO015","EOD-FR"
57.7192663584174,50,"MO015","EOD-FR"
53.7308058228354,50,"MO015","EOD-FR"
54.1127187556537,51,"MO016","Control"
53.9394543121138,51,"MO016","Control"
NA,51,"MO016","Control"
NA,51,"MO016","Control"
57.2887926030478,52,"MO016","Control"
56.7244880159643,52,"MO016","Control"
57.0413354709154,52,"MO016","Control"
NA,52,"MO016","Control"
59.0993927643712,53,"MO016","Control"
NA,53,"MO016","Control"
NA,53,"MO016","Control"
NA,53,"MO016","Control"
54.7113081146401,54,"MO016","Control"
NA,54,"MO016","Control"
NA,54,"MO016","Control"
NA,54,"MO016","Control"
70.4845012296614,55,"MO016","EOD-FR"
67.6099562102175,55,"MO016","EOD-FR"
NA,55,"MO016","EOD-FR"
NA,55,"MO016","EOD-FR"
61.6895045370517,56,"MO016","EOD-FR"
65.1811398386544,56,"MO016","EOD-FR"
61.698042749624,56,"MO016","EOD-FR"
NA,56,"MO016","EOD-FR"
63.5415436162464,57,"MO016","EOD-FR"
59.3989716484876,57,"MO016","EOD-FR"
NA,57,"MO016","EOD-FR"
NA,57,"MO016","EOD-FR"
65.7158299972038,58,"MO016","EOD-FR"
NA,58,"MO016","EOD-FR"
NA,58,"MO016","EOD-FR"
NA,58,"MO016","EOD-FR"
50.6568211506486,59,"MO017","Control"
56.0408764490148,59,"MO017","Control"
53.3298320832023,59,"MO017","Control"
46.9167900152049,59,"MO017","Control"
50.767465533403,60,"MO017","Control"
56.9393479333342,60,"MO017","Control"
NA,60,"MO017","Control"
NA,60,"MO017","Control"
49.7650038535259,61,"MO017","Control"
53.5082505920111,61,"MO017","Control"
NA,61,"MO017","Control"
NA,61,"MO017","Control"
69.7913636444851,62,"MO017","EOD-FR"
NA,62,"MO017","EOD-FR"
NA,62,"MO017","EOD-FR"
NA,62,"MO017","EOD-FR"
68.8429690452511,63,"MO017","EOD-FR"
58.9801558661863,63,"MO017","EOD-FR"
66.6577856327829,63,"MO017","EOD-FR"
62.5042412164399,63,"MO017","EOD-FR"
62.2736400953491,64,"MO017","EOD-FR"
60.9558539127083,64,"MO017","EOD-FR"
65.2842015966081,64,"MO017","EOD-FR"
59.6612896438671,64,"MO017","EOD-FR"
58.592870921903,65,"MO017","EOD-FR"
58.3592934582502,65,"MO017","EOD-FR"
60.3338144870489,65,"MO017","EOD-FR"
NA,65,"MO017","EOD-FR"
64.643581517366,66,"MO021","Control"
60.6178247275218,66,"MO021","Control"
60.1510111697109,66,"MO021","Control"
61.0427921312302,66,"MO021","Control"
63.4120145291524,67,"MO021","Control"
63.0977641434597,67,"MO021","Control"
62.3941428970517,67,"MO021","Control"
66.7524806241288,67,"MO021","Control"
69.6774983620426,68,"MO021","Control"
59.6776330605375,68,"MO021","Control"
63.4988423410968,68,"MO021","Control"
NA,68,"MO021","Control"
63.4972580072651,69,"MO021","Control"
59.2997994865131,69,"MO021","Control"
63.3153118018675,69,"MO021","Control"
64.5466612824373,69,"MO021","Control"
81.0056110495069,70,"MO021","EOD-FR"
70.7295393486325,70,"MO021","EOD-FR"
71.6548094762501,70,"MO021","EOD-FR"
70.121088619715,70,"MO021","EOD-FR"
76.2464209249989,71,"MO021","EOD-FR"
66.3818082225408,71,"MO021","EOD-FR"
66.8701085539692,71,"MO021","EOD-FR"
73.8583314855193,71,"MO021","EOD-FR"
72.6763408215341,72,"MO021","EOD-FR"
75.7696200048501,72,"MO021","EOD-FR"
70.4549882839058,72,"MO021","EOD-FR"
78.7480364616555,72,"MO021","EOD-FR"
72.6230945762838,73,"MO021","EOD-FR"
72.575925303049,73,"MO021","EOD-FR"
71.1430674583089,73,"MO021","EOD-FR"
70.3288342846772,73,"MO021","EOD-FR"
79.6680413222878,74,"MO022","Control"
81.0998974504512,74,"MO022","Control"
NA,74,"MO022","Control"
NA,74,"MO022","Control"
89.4061059386759,75,"MO022","Control"
85.5693764210069,75,"MO022","Control"
NA,75,"MO022","Control"
NA,75,"MO022","Control"
84.0943604158537,76,"MO022","Control"
82.6727465616289,76,"MO022","Control"
84.8167015187019,76,"MO022","Control"
90.7731899468286,76,"MO022","Control"
88.5816610451935,77,"MO022","EOD-FR"
NA,77,"MO022","EOD-FR"
NA,77,"MO022","EOD-FR"
NA,77,"MO022","EOD-FR"
87.8220867371792,78,"MO022","EOD-FR"
92.5846973292572,78,"MO022","EOD-FR"
104.282528668468,78,"MO022","EOD-FR"
NA,78,"MO022","EOD-FR"
96.6063083215708,79,"MO022","EOD-FR"
98.3035428040233,79,"MO022","EOD-FR"
97.7839437854252,79,"MO022","EOD-FR"
NA,79,"MO022","EOD-FR"
92.3300173876493,80,"MO022","EOD-FR"
91.8020037055885,80,"MO022","EOD-FR"
NA,80,"MO022","EOD-FR"
NA,80,"MO022","EOD-FR"
101.870179111615,81,"MO023","Control"
99.0335981079011,81,"MO023","Control"
96.9968126386613,81,"MO023","Control"
NA,81,"MO023","Control"
102.816770089529,82,"MO023","Control"
104.092632041002,82,"MO023","Control"
NA,82,"MO023","Control"
NA,82,"MO023","Control"
106.578572140598,83,"MO023","Control"
NA,83,"MO023","Control"
NA,83,"MO023","Control"
NA,83,"MO023","Control"
96.2339516121587,84,"MO023","Control"
NA,84,"MO023","Control"
NA,84,"MO023","Control"
NA,84,"MO023","Control"
112.351937952182,85,"MO023","EOD-FR"
104.30617831602,85,"MO023","EOD-FR"
112.794237101108,85,"MO023","EOD-FR"
108.816299762399,85,"MO023","EOD-FR"
107.229369354945,86,"MO023","EOD-FR"
NA,86,"MO023","EOD-FR"
NA,86,"MO023","EOD-FR"
NA,86,"MO023","EOD-FR"
57.4065282414626,87,"MO024","Control"
55.6683825792291,87,"MO024","Control"
52.343727497985,87,"MO024","Control"
55.1134619628788,87,"MO024","Control"
59.2978578102757,88,"MO024","Control"
56.0265757888234,88,"MO024","Control"
54.6784879559852,88,"MO024","Control"
56.9379108759235,88,"MO024","Control"
46.5980760247213,89,"MO024","Control"
56.0295676724984,89,"MO024","Control"
50.7044246537544,89,"MO024","Control"
56.2817042688072,89,"MO024","Control"
61.1710206285917,90,"MO024","Control"
49.2971276335515,90,"MO024","Control"
55.0310262928855,90,"MO024","Control"
NA,90,"MO024","Control"
65.2214480665732,91,"MO024","EOD-FR"
58.9747829811206,91,"MO024","EOD-FR"
66.7389201217299,91,"MO024","EOD-FR"
NA,91,"MO024","EOD-FR"
60.4233811051855,92,"MO024","EOD-FR"
62.5055748345959,92,"MO024","EOD-FR"
60.0005318745067,92,"MO024","EOD-FR"
65.4452701679142,92,"MO024","EOD-FR"
59.7338644576087,93,"MO024","EOD-FR"
61.8725565422597,93,"MO024","EOD-FR"
61.8615158172171,93,"MO024","EOD-FR"
61.3741866993994,93,"MO024","EOD-FR"
54.4271179767997,94,"MO024","EOD-FR"
58.8477891395984,94,"MO024","EOD-FR"
61.990715062983,94,"MO024","EOD-FR"
NA,94,"MO024","EOD-FR"
55.2317713956421,95,"MO025","Control"
52.8648259181094,95,"MO025","Control"
54.8675265747386,95,"MO025","Control"
NA,95,"MO025","Control"
51.007809663524,96,"MO025","Control"
54.9606877369315,96,"MO025","Control"
NA,96,"MO025","Control"
NA,96,"MO025","Control"
46.0088995181166,97,"MO025","Control"
51.4427834235619,97,"MO025","Control"
NA,97,"MO025","Control"
NA,97,"MO025","Control"
61.7065215900059,98,"MO025","EOD-FR"
53.5838003464698,98,"MO025","EOD-FR"
62.8144815589931,98,"MO025","EOD-FR"
55.0455176100786,98,"MO025","EOD-FR"
64.0558742458984,99,"MO025","EOD-FR"
57.2449506211321,99,"MO025","EOD-FR"
64.5381818555709,99,"MO025","EOD-FR"
NA,99,"MO025","EOD-FR"
53.900762105869,100,"MO025","EOD-FR"
NA,100,"MO025","EOD-FR"
NA,100,"MO025","EOD-FR"
NA,100,"MO025","EOD-FR"
100.711548632108,101,"MO027","Control"
103.874191054411,101,"MO027","Control"
99.7745681850891,101,"MO027","Control"
NA,101,"MO027","Control"
101.518191237197,102,"MO027","Control"
100.001040930755,102,"MO027","Control"
NA,102,"MO027","Control"
NA,102,"MO027","Control"
105.503997172147,103,"MO027","Control"
105.743266494818,103,"MO027","Control"
103.683637679246,103,"MO027","Control"
104.916030425002,103,"MO027","Control"
104.113929951042,104,"MO027","Control"
107.5462219072,104,"MO027","Control"
107.700369942046,104,"MO027","Control"
112.563377284559,104,"MO027","Control"
110.731358310618,105,"MO027","EOD-FR"
106.220973685892,105,"MO027","EOD-FR"
107.567976105784,105,"MO027","EOD-FR"
107.935840807736,105,"MO027","EOD-FR"
109.390981177357,106,"MO027","EOD-FR"
111.226475316424,106,"MO027","EOD-FR"
110.899268349589,106,"MO027","EOD-FR"
NA,106,"MO027","EOD-FR"
111.481420379437,107,"MO027","EOD-FR"
116.081915015453,107,"MO027","EOD-FR"
112.91576760809,107,"MO027","EOD-FR"
NA,107,"MO027","EOD-FR"
114.631187797465,108,"MO027","EOD-FR"
123.338085736292,108,"MO027","EOD-FR"
111.844730100341,108,"MO027","EOD-FR"
NA,108,"MO027","EOD-FR"
106.192098828924,109,"MO028","Control"
102.666945925013,109,"MO028","Control"
99.3204666245647,109,"MO028","Control"
98.4631095752518,109,"MO028","Control"
94.5958788255072,110,"MO028","Control"
97.1034850209536,110,"MO028","Control"
95.7833464467139,110,"MO028","Control"
NA,110,"MO028","Control"
103.516817759658,111,"MO028","Control"
98.5319444865953,111,"MO028","Control"
97.6609900995891,111,"MO028","Control"
NA,111,"MO028","Control"
103.059921099486,112,"MO028","Control"
100.465954071855,112,"MO028","Control"
NA,112,"MO028","Control"
NA,112,"MO028","Control"
104.27003950783,113,"MO028","EOD-FR"
101.974456342844,113,"MO028","EOD-FR"
NA,113,"MO028","EOD-FR"
NA,113,"MO028","EOD-FR"
111.058728100194,114,"MO028","EOD-FR"
108.257289341559,114,"MO028","EOD-FR"
NA,114,"MO028","EOD-FR"
NA,114,"MO028","EOD-FR"
103.459612070688,115,"MO028","EOD-FR"
101.4258560912,115,"MO028","EOD-FR"
100.920664125702,115,"MO028","EOD-FR"
NA,115,"MO028","EOD-FR"
107.089416861047,116,"MO028","EOD-FR"
103.120103924962,116,"MO028","EOD-FR"
105.558206299169,116,"MO028","EOD-FR"
NA,116,"MO028","EOD-FR"
91.2200301454809,117,"MO029","Control"
95.3427118587461,117,"MO029","Control"
89.55180361857,117,"MO029","Control"
NA,117,"MO029","Control"
94.8700237895599,118,"MO029","Control"
100.918773606625,118,"MO029","Control"
95.8762542388988,118,"MO029","Control"
NA,118,"MO029","Control"
93.1625686162429,119,"MO029","Control"
95.3916303552315,119,"MO029","Control"
NA,119,"MO029","Control"
NA,119,"MO029","Control"
93.7408415800015,120,"MO029","Control"
101.452812580932,120,"MO029","Control"
95.2457951606545,120,"MO029","Control"
101.018442428018,120,"MO029","Control"
102.570972263124,121,"MO029","EOD-FR"
109.340319002661,121,"MO029","EOD-FR"
NA,121,"MO029","EOD-FR"
NA,121,"MO029","EOD-FR"
97.5355581645248,122,"MO029","EOD-FR"
100.087043543741,122,"MO029","EOD-FR"
103.604477527924,122,"MO029","EOD-FR"
96.4482137866045,122,"MO029","EOD-FR"
100.741959091055,123,"MO029","EOD-FR"
100.603013043627,123,"MO029","EOD-FR"
107.974469710137,123,"MO029","EOD-FR"
99.9551340937546,123,"MO029","EOD-FR"
97.2157540572902,124,"MO029","EOD-FR"
101.993063244761,124,"MO029","EOD-FR"
101.629816390932,124,"MO029","EOD-FR"
100.921987945528,124,"MO029","EOD-FR"
78.8849404097401,125,"MO030","Control"
85.1900131998787,125,"MO030","Control"
85.6596655046841,125,"MO030","Control"
NA,125,"MO030","Control"
72.1968906924692,126,"MO030","Control"
71.188784744088,126,"MO030","Control"
76.4384643356706,126,"MO030","Control"
NA,126,"MO030","Control"
76.8379143044306,127,"MO030","Control"
78.5130431568965,127,"MO030","Control"
77.6616738900421,127,"MO030","Control"
NA,127,"MO030","Control"
72.7243494953965,128,"MO030","Control"
81.0651901827203,128,"MO030","Control"
81.8354486898154,128,"MO030","Control"
84.2864919009761,128,"MO030","Control"
91.5185074836417,129,"MO030","EOD-FR"
91.2558610334418,129,"MO030","EOD-FR"
88.8428991609294,129,"MO030","EOD-FR"
89.0409019095956,129,"MO030","EOD-FR"
77.3903839673733,130,"MO030","EOD-FR"
82.3438867514622,130,"MO030","EOD-FR"
81.8937216947304,130,"MO030","EOD-FR"
82.8196651797138,130,"MO030","EOD-FR"
84.776139909533,131,"MO030","EOD-FR"
90.0413977825347,131,"MO030","EOD-FR"
NA,131,"MO030","EOD-FR"
NA,131,"MO030","EOD-FR"
101.950769031688,132,"MO030","EOD-FR"
92.4171091194516,132,"MO030","EOD-FR"
98.2790140360285,132,"MO030","EOD-FR"
NA,132,"MO030","EOD-FR"
97.6618581183085,133,"MO031","Control"
97.2962737808537,133,"MO031","Control"
93.641161754879,133,"MO031","Control"
NA,133,"MO031","Control"
100.426257646134,134,"MO031","Control"
93.3309683555117,134,"MO031","Control"
102.685375368431,134,"MO031","Control"
NA,134,"MO031","Control"
96.6836246722723,135,"MO031","Control"
97.1510559309059,135,"MO031","Control"
97.2121938100034,135,"MO031","Control"
NA,135,"MO031","Control"
100.625261094185,136,"MO031","Control"
99.3500200794808,136,"MO031","Control"
NA,136,"MO031","Control"
NA,136,"MO031","Control"
111.782807054428,137,"MO031","EOD-FR"
NA,137,"MO031","EOD-FR"
NA,137,"MO031","EOD-FR"
NA,137,"MO031","EOD-FR"
108.68166790268,138,"MO031","EOD-FR"
108.298448289988,138,"MO031","EOD-FR"
NA,138,"MO031","EOD-FR"
NA,138,"MO031","EOD-FR"
108.447648533025,139,"MO031","EOD-FR"
100.960761970491,139,"MO031","EOD-FR"
100.004976643905,139,"MO031","EOD-FR"
104.203141775161,139,"MO031","EOD-FR"
113.061427339364,140,"MO031","EOD-FR"
112.132078051351,140,"MO031","EOD-FR"
NA,140,"MO031","EOD-FR"
NA,140,"MO031","EOD-FR"
45.6286930902041,141,"MO032","Control"
48.7947789533022,141,"MO032","Control"
46.0404827456946,141,"MO032","Control"
NA,141,"MO032","Control"
49.0058551086511,142,"MO032","Control"
53.7702295281852,142,"MO032","Control"
NA,142,"MO032","Control"
NA,142,"MO032","Control"
44.9595901476659,143,"MO032","Control"
49.9410421092469,143,"MO032","Control"
NA,143,"MO032","Control"
NA,143,"MO032","Control"
45.284466588141,144,"MO032","Control"
52.8684467196284,144,"MO032","Control"
NA,144,"MO032","Control"
NA,144,"MO032","Control"
49.7306616331797,145,"MO032","EOD-FR"
61.0700077225716,145,"MO032","EOD-FR"
53.1939308478308,145,"MO032","EOD-FR"
53.6038272506986,145,"MO032","EOD-FR"
58.8847930699281,146,"MO032","EOD-FR"
56.4644392707728,146,"MO032","EOD-FR"
60.5390173987329,146,"MO032","EOD-FR"
55.790419939715,146,"MO032","EOD-FR"
52.3536878794021,147,"MO032","EOD-FR"
55.3841364275197,147,"MO032","EOD-FR"
58.4416302081448,147,"MO032","EOD-FR"
58.02103884116,147,"MO032","EOD-FR"
52.8881183002046,148,"MO032","EOD-FR"
60.044857943409,148,"MO032","EOD-FR"
55.168554085439,148,"MO032","EOD-FR"
NA,148,"MO032","EOD-FR"
101.789699473078,149,"MO033","Control"
105.45430073851,149,"MO033","Control"
101.228704190543,149,"MO033","Control"
107.677032878562,149,"MO033","Control"
106.813340178178,150,"MO033","Control"
103.655553245906,150,"MO033","Control"
104.941899074816,150,"MO033","Control"
NA,150,"MO033","Control"
105.348145603448,151,"MO033","Control"
101.513311304486,151,"MO033","Control"
104.514312340806,151,"MO033","Control"
104.040167534388,151,"MO033","Control"
106.015623370753,152,"MO033","Control"
101.198741620553,152,"MO033","Control"
105.244906603869,152,"MO033","Control"
NA,152,"MO033","Control"
115.155956751211,153,"MO033","EOD-FR"
111.482587430149,153,"MO033","EOD-FR"
NA,153,"MO033","EOD-FR"
NA,153,"MO033","EOD-FR"
109.449113523049,154,"MO033","EOD-FR"
110.831519630296,154,"MO033","EOD-FR"
113.707427217084,154,"MO033","EOD-FR"
108.757580714614,154,"MO033","EOD-FR"
111.266647592655,155,"MO033","EOD-FR"
112.66979574307,155,"MO033","EOD-FR"
109.006914350906,155,"MO033","EOD-FR"
NA,155,"MO033","EOD-FR"
111.972914426953,156,"MO033","EOD-FR"
115.639522450057,156,"MO033","EOD-FR"
NA,156,"MO033","EOD-FR"
NA,156,"MO033","EOD-FR"
96.3556327651707,157,"MO035","Control"
98.4519730149522,157,"MO035","Control"
103.68297669051,157,"MO035","Control"
101.648672892749,157,"MO035","Control"
95.6670681800354,158,"MO035","Control"
93.8736711631698,158,"MO035","Control"
NA,158,"MO035","Control"
NA,158,"MO035","Control"
103.401189172658,159,"MO035","Control"
101.530866087346,159,"MO035","Control"
100.585066705418,159,"MO035","Control"
NA,159,"MO035","Control"
103.599459217115,160,"MO035","Control"
99.9169429544356,160,"MO035","Control"
NA,160,"MO035","Control"
NA,160,"MO035","Control"
108.36844863561,161,"MO035","EOD-FR"
NA,161,"MO035","EOD-FR"
NA,161,"MO035","EOD-FR"
NA,161,"MO035","EOD-FR"
105.43165316717,162,"MO035","EOD-FR"
104.199994186822,162,"MO035","EOD-FR"
106.796790149635,162,"MO035","EOD-FR"
113.943520585849,162,"MO035","EOD-FR"
101.469968673854,163,"MO035","EOD-FR"
105.846726541432,163,"MO035","EOD-FR"
102.546910711675,163,"MO035","EOD-FR"
102.453007503324,163,"MO035","EOD-FR"
104.594326012735,164,"MO035","EOD-FR"
102.645129020812,164,"MO035","EOD-FR"
109.510838837654,164,"MO035","EOD-FR"
NA,164,"MO035","EOD-FR"
88.1906594299015,165,"MO039","Control"
86.6799040105484,165,"MO039","Control"
84.022486975852,165,"MO039","Control"
87.0499604223564,165,"MO039","Control"
77.7308864871056,166,"MO039","Control"
83.8007599191969,166,"MO039","Control"
80.8984710530574,166,"MO039","Control"
NA,166,"MO039","Control"
91.9360568070241,167,"MO039","Control"
87.5857231376231,167,"MO039","Control"
87.150733005116,167,"MO039","Control"
NA,167,"MO039","Control"
82.8275690633652,168,"MO039","Control"
89.7289976599504,168,"MO039","Control"
81.2094071004127,168,"MO039","Control"
NA,168,"MO039","Control"
99.5385550007565,169,"MO039","EOD-FR"
91.5802287778471,169,"MO039","EOD-FR"
90.9905553113958,169,"MO039","EOD-FR"
94.2768306363183,169,"MO039","EOD-FR"
94.2013274231987,170,"MO039","EOD-FR"
91.8776218632434,170,"MO039","EOD-FR"
95.8192762744404,170,"MO039","EOD-FR"
NA,170,"MO039","EOD-FR"
101.000718664694,171,"MO039","EOD-FR"
97.148568057986,171,"MO039","EOD-FR"
97.9936790570566,171,"MO039","EOD-FR"
91.4218886831528,171,"MO039","EOD-FR"
95.2464424610827,172,"MO039","EOD-FR"
86.1825812877815,172,"MO039","EOD-FR"
91.3684379737109,172,"MO039","EOD-FR"
NA,172,"MO039","EOD-FR"
91.3418385284519,173,"MO040","Control"
93.986920012092,173,"MO040","Control"
85.6859266118254,173,"MO040","Control"
89.7352388757121,173,"MO040","Control"
84.442480609002,174,"MO040","Control"
90.1439524712094,174,"MO040","Control"
82.7394649032517,174,"MO040","Control"
NA,174,"MO040","Control"
86.9989250477673,175,"MO040","Control"
86.0738353860174,175,"MO040","Control"
88.9276205947452,175,"MO040","Control"
NA,175,"MO040","Control"
88.5181901959594,176,"MO040","Control"
87.3220780765634,176,"MO040","Control"
NA,176,"MO040","Control"
NA,176,"MO040","Control"
90.9976371925034,177,"MO040","EOD-FR"
89.2192638288758,177,"MO040","EOD-FR"
95.1865081233588,177,"MO040","EOD-FR"
100.211182406415,177,"MO040","EOD-FR"
92.3091339502887,178,"MO040","EOD-FR"
97.6843924063586,178,"MO040","EOD-FR"
96.5321617861936,178,"MO040","EOD-FR"
NA,178,"MO040","EOD-FR"
89.1017060125569,179,"MO040","EOD-FR"
99.6324493665854,179,"MO040","EOD-FR"
100.044686532007,179,"MO040","EOD-FR"
NA,179,"MO040","EOD-FR"
84.4411884880585,180,"MO040","EOD-FR"
86.3654379893242,180,"MO040","EOD-FR"
88.0207882143603,180,"MO040","EOD-FR"
NA,180,"MO040","EOD-FR"
96.5953915924075,181,"MO043","Control"
98.7174922350593,181,"MO043","Control"
100.156469410185,181,"MO043","Control"
NA,181,"MO043","Control"
103.099846084449,182,"MO043","Control"
103.65702029101,182,"MO043","Control"
99.5627706796592,182,"MO043","Control"
104.431361939858,182,"MO043","Control"
98.1436150602716,183,"MO043","Control"
95.606529385851,183,"MO043","Control"
92.7436542539956,183,"MO043","Control"
101.055940789358,183,"MO043","Control"
97.0506806417595,184,"MO043","Control"
102.176617956591,184,"MO043","Control"
105.907379873544,184,"MO043","Control"
98.1425280308224,184,"MO043","Control"
102.460848355231,185,"MO043","EOD-FR"
112.585123388495,185,"MO043","EOD-FR"
106.560544776734,185,"MO043","EOD-FR"
107.591660901869,185,"MO043","EOD-FR"
107.376579233459,186,"MO043","EOD-FR"
99.1662108870507,186,"MO043","EOD-FR"
107.618491804135,186,"MO043","EOD-FR"
112.913408726171,186,"MO043","EOD-FR"
103.3049536539,187,"MO043","EOD-FR"
107.537723054464,187,"MO043","EOD-FR"
101.527719405137,187,"MO043","EOD-FR"
106.145770727448,187,"MO043","EOD-FR"
106.263515338765,188,"MO043","EOD-FR"
106.94352793393,188,"MO043","EOD-FR"
104.859204865999,188,"MO043","EOD-FR"
100.548336039231,188,"MO043","EOD-FR"
67.366954404679,189,"MO044","Control"
71.0480391587703,189,"MO044","Control"
NA,189,"MO044","Control"
NA,189,"MO044","Control"
68.2263542057178,190,"MO044","Control"
66.2736044630487,190,"MO044","Control"
67.7914634874248,190,"MO044","Control"
NA,190,"MO044","Control"
64.1768199585276,191,"MO044","Control"
63.3105070759413,191,"MO044","Control"
62.3459604707921,191,"MO044","Control"
59.5268239453392,191,"MO044","Control"
78.6113782867589,192,"MO044","EOD-FR"
75.0335586326178,192,"MO044","EOD-FR"
NA,192,"MO044","EOD-FR"
NA,192,"MO044","EOD-FR"
71.7752603181476,193,"MO044","EOD-FR"
69.2547109832303,193,"MO044","EOD-FR"
NA,193,"MO044","EOD-FR"
NA,193,"MO044","EOD-FR"
66.25089498999,194,"MO044","EOD-FR"
74.9749919394733,194,"MO044","EOD-FR"
72.2724158578683,194,"MO044","EOD-FR"
NA,194,"MO044","EOD-FR"
63.9541980009573,195,"MO045","Control"
NA,195,"MO045","Control"
NA,195,"MO045","Control"
NA,195,"MO045","Control"
58.7977082588982,196,"MO045","Control"
61.8145238778904,196,"MO045","Control"
60.4890355850645,196,"MO045","Control"
NA,196,"MO045","Control"
62.0620130525423,197,"MO045","Control"
63.8575406837689,197,"MO045","Control"
NA,197,"MO045","Control"
NA,197,"MO045","Control"
67.493533278959,198,"MO045","EOD-FR"
73.8180219427927,198,"MO045","EOD-FR"
NA,198,"MO045","EOD-FR"
NA,198,"MO045","EOD-FR"
62.5107285410965,199,"MO045","EOD-FR"
71.0904977490302,199,"MO045","EOD-FR"
NA,199,"MO045","EOD-FR"
NA,199,"MO045","EOD-FR"
69.1645198616177,200,"MO045","EOD-FR"
NA,200,"MO045","EOD-FR"
NA,200,"MO045","EOD-FR"
NA,200,"MO045","EOD-FR"
48.1421180474739,201,"MO046","Control"
55.3550358794753,201,"MO046","Control"
53.2459629467563,201,"MO046","Control"
52.6445634959128,201,"MO046","Control"
54.66251742432,202,"MO046","Control"
54.4526939987745,202,"MO046","Control"
51.6222323074307,202,"MO046","Control"
54.0609964089881,202,"MO046","Control"
53.8430082103842,203,"MO046","Control"
53.848339558253,203,"MO046","Control"
51.7315675933089,203,"MO046","Control"
49.8026219610857,203,"MO046","Control"
50.9940548778651,204,"MO046","Control"
54.9522311916362,204,"MO046","Control"
NA,204,"MO046","Control"
NA,204,"MO046","Control"
62.2959806136664,205,"MO046","EOD-FR"
66.6814516684575,205,"MO046","EOD-FR"
63.3173211373037,205,"MO046","EOD-FR"
67.7537520452515,205,"MO046","EOD-FR"
54.7662766896488,206,"MO046","EOD-FR"
64.6651577433851,206,"MO046","EOD-FR"
59.873387011456,206,"MO046","EOD-FR"
58.0866421809888,206,"MO046","EOD-FR"
64.6347809331448,207,"MO046","EOD-FR"
68.5946435978025,207,"MO046","EOD-FR"
62.4191285494311,207,"MO046","EOD-FR"
61.3632618998487,207,"MO046","EOD-FR"
63.0734816193115,208,"MO046","EOD-FR"
61.3133900249506,208,"MO046","EOD-FR"
58.8574631987574,208,"MO046","EOD-FR"
64.3818154890916,208,"MO046","EOD-FR"
47.2904329124487,209,"MO048","Control"
50.955229132424,209,"MO048","Control"
43.8576279251665,209,"MO048","Control"
NA,209,"MO048","Control"
48.8400680488469,210,"MO048","Control"
47.9694647882007,210,"MO048","Control"
53.0650635844438,210,"MO048","Control"
47.1098819921206,210,"MO048","Control"
55.3327946822588,211,"MO048","Control"
45.6336454716652,211,"MO048","Control"
53.3531728983962,211,"MO048","Control"
NA,211,"MO048","Control"
51.3389079205266,212,"MO048","Control"
43.1400705663682,212,"MO048","Control"
50.3685760886998,212,"MO048","Control"
46.5239729412487,212,"MO048","Control"
57.2709654004338,213,"MO048","EOD-FR"
54.2340561911354,213,"MO048","EOD-FR"
58.236586876769,213,"MO048","EOD-FR"
NA,213,"MO048","EOD-FR"
61.1478240721085,214,"MO048","EOD-FR"
62.422975672417,214,"MO048","EOD-FR"
NA,214,"MO048","EOD-FR"
NA,214,"MO048","EOD-FR"
55.2066418538147,215,"MO048","EOD-FR"
63.8709651848535,215,"MO048","EOD-FR"
54.7322858205165,215,"MO048","EOD-FR"
64.4797307004961,215,"MO048","EOD-FR"
57.9949609909574,216,"MO048","EOD-FR"
54.4390869144506,216,"MO048","EOD-FR"
55.4181770481615,216,"MO048","EOD-FR"
54.9695386555267,216,"MO048","EOD-FR"
108.551183759235,217,"MO051","Control"
110.24730160452,217,"MO051","Control"
106.053561128532,217,"MO051","Control"
107.282596770174,217,"MO051","Control"
108.371299912174,218,"MO051","Control"
105.686060423517,218,"MO051","Control"
107.734789288689,218,"MO051","Control"
113.860049883198,218,"MO051","Control"
108.828107273604,219,"MO051","Control"
106.454441588837,219,"MO051","Control"
100.759684367493,219,"MO051","Control"
102.214622314562,219,"MO051","Control"
108.809107716461,220,"MO051","Control"
102.178808960538,220,"MO051","Control"
106.150225558511,220,"MO051","Control"
109.221831734225,220,"MO051","Control"
113.942139913461,221,"MO051","EOD-FR"
115.776427484521,221,"MO051","EOD-FR"
117.723443598658,221,"MO051","EOD-FR"
115.744291481171,221,"MO051","EOD-FR"
109.19134989003,222,"MO051","EOD-FR"
113.825289826547,222,"MO051","EOD-FR"
114.898917125686,222,"MO051","EOD-FR"
106.977717062219,222,"MO051","EOD-FR"
114.615227823015,223,"MO051","EOD-FR"
111.023989779074,223,"MO051","EOD-FR"
NA,223,"MO051","EOD-FR"
NA,223,"MO051","EOD-FR"
120.967504654954,224,"MO051","EOD-FR"
112.049526634275,224,"MO051","EOD-FR"
116.192144446876,224,"MO051","EOD-FR"
121.873416660549,224,"MO051","EOD-FR"
92.2211922581371,225,"MO052","Control"
85.581012855385,225,"MO052","Control"
86.232301581058,225,"MO052","Control"
NA,225,"MO052","Control"
92.7739413494966,226,"MO052","Control"
85.2275559805277,226,"MO052","Control"
94.5526603790308,226,"MO052","Control"
91.3940817379881,226,"MO052","Control"
79.0929941395465,227,"MO052","Control"
88.8171700141301,227,"MO052","Control"
90.1227889953063,227,"MO052","Control"
NA,227,"MO052","Control"
97.9016879108956,228,"MO052","EOD-FR"
97.4453015977609,228,"MO052","EOD-FR"
97.8687884733097,228,"MO052","EOD-FR"
NA,228,"MO052","EOD-FR"
100.516514799356,229,"MO052","EOD-FR"
93.5732845262527,229,"MO052","EOD-FR"
98.2357980774309,229,"MO052","EOD-FR"
NA,229,"MO052","EOD-FR"
95.8104745262547,230,"MO052","EOD-FR"
95.0822475150327,230,"MO052","EOD-FR"
96.9580905393308,230,"MO052","EOD-FR"
100.312739823529,230,"MO052","EOD-FR"
95.5195112320616,231,"MO052","EOD-FR"
94.9317772483299,231,"MO052","EOD-FR"
96.0471010175046,231,"MO052","EOD-FR"
NA,231,"MO052","EOD-FR"
47.1780521596409,232,"MO054","Control"
51.1332541627169,232,"MO054","Control"
53.8241484707983,232,"MO054","Control"
44.7799170421229,232,"MO054","Control"
44.4460724364596,233,"MO054","Control"
43.0765766119142,233,"MO054","Control"
44.1420889646058,233,"MO054","Control"
39.7190671805098,233,"MO054","Control"
35.0821687195197,234,"MO054","Control"
43.4726856339685,234,"MO054","Control"
44.792597863484,234,"MO054","Control"
40.8882475456986,234,"MO054","Control"
46.3104771295465,235,"MO054","Control"
54.6646277021117,235,"MO054","Control"
48.2894400380965,235,"MO054","Control"
NA,235,"MO054","Control"
54.9924885672577,236,"MO054","EOD-FR"
51.2784575986681,236,"MO054","EOD-FR"
53.0625570220173,236,"MO054","EOD-FR"
NA,236,"MO054","EOD-FR"
57.7091231923895,237,"MO054","EOD-FR"
49.60370604745,237,"MO054","EOD-FR"
54.9933171217015,237,"MO054","EOD-FR"
53.9525746830847,237,"MO054","EOD-FR"
50.9201740655283,238,"MO054","EOD-FR"
47.9817407960199,238,"MO054","EOD-FR"
50.9528289511503,238,"MO054","EOD-FR"
NA,238,"MO054","EOD-FR"
56.5937876285697,239,"MO054","EOD-FR"
44.4218787811966,239,"MO054","EOD-FR"
57.5364778056574,239,"MO054","EOD-FR"
48.9576329261902,239,"MO054","EOD-FR"
52.5700219127139,240,"MO055","Control"
56.7646058509856,240,"MO055","Control"
NA,240,"MO055","Control"
NA,240,"MO055","Control"
51.8706738454118,241,"MO055","Control"
NA,241,"MO055","Control"
NA,241,"MO055","Control"
NA,241,"MO055","Control"
50.1308491308253,242,"MO055","Control"
NA,242,"MO055","Control"
NA,242,"MO055","Control"
NA,242,"MO055","Control"
62.1713110406968,243,"MO055","EOD-FR"
NA,243,"MO055","EOD-FR"
NA,243,"MO055","EOD-FR"
NA,243,"MO055","EOD-FR"
60.3056604594843,244,"MO055","EOD-FR"
62.1813229541159,244,"MO055","EOD-FR"
NA,244,"MO055","EOD-FR"
NA,244,"MO055","EOD-FR"
69.3710660707948,245,"MO055","EOD-FR"
63.1755016183041,245,"MO055","EOD-FR"
60.2102226882762,245,"MO055","EOD-FR"
65.7817153711335,245,"MO055","EOD-FR"
59.2372956474129,246,"MO055","EOD-FR"
56.1703258288405,246,"MO055","EOD-FR"
NA,246,"MO055","EOD-FR"
NA,246,"MO055","EOD-FR"
NA,247,"MO057","Control"
48.0707537163741,247,"MO057","Control"
52.6869978989326,247,"MO057","Control"
48.655372889667,247,"MO057","Control"
46.0255107614875,248,"MO057","Control"
46.422783113484,248,"MO057","Control"
50.2093186851729,248,"MO057","Control"
43.9283735043435,248,"MO057","Control"
51.6777932978737,249,"MO057","Control"
54.7636839517776,249,"MO057","Control"
47.7887713565808,249,"MO057","Control"
49.2637693837352,249,"MO057","Control"
48.9697670073247,250,"MO057","Control"
46.0176906448359,250,"MO057","Control"
NA,250,"MO057","Control"
NA,250,"MO057","Control"
60.0518904393274,251,"MO057","EOD-FR"
60.7336784898158,251,"MO057","EOD-FR"
62.3130782565221,251,"MO057","EOD-FR"
56.3645908913253,251,"MO057","EOD-FR"
57.8474384414779,252,"MO057","EOD-FR"
53.703060987329,252,"MO057","EOD-FR"
54.8465370596187,252,"MO057","EOD-FR"
NA,252,"MO057","EOD-FR"
56.6999092840525,253,"MO057","EOD-FR"
57.9531515169923,253,"MO057","EOD-FR"
55.837261248146,253,"MO057","EOD-FR"
56.9101491803614,253,"MO057","EOD-FR"
63.7605580033405,254,"MO057","EOD-FR"
65.1840599728432,254,"MO057","EOD-FR"
NA,254,"MO057","EOD-FR"
NA,254,"MO057","EOD-FR"
63.1423426878663,255,"MO058","Control"
66.2365176706022,255,"MO058","Control"
64.400673099214,255,"MO058","Control"
NA,255,"MO058","Control"
59.7600193563942,256,"MO058","Control"
57.0274245301465,256,"MO058","Control"
56.4825215198629,256,"MO058","Control"
56.1590095057721,256,"MO058","Control"
57.7884475114102,257,"MO058","Control"
59.795951430199,257,"MO058","Control"
59.4226188963405,257,"MO058","Control"
53.8601069943567,257,"MO058","Control"
54.2975396147372,258,"MO058","Control"
57.6743558907871,258,"MO058","Control"
62.8484642401201,258,"MO058","Control"
60.3708557645397,258,"MO058","Control"
69.368129940435,259,"MO058","EOD-FR"
67.8716040052872,259,"MO058","EOD-FR"
70.4299487422743,259,"MO058","EOD-FR"
69.1555361813211,259,"MO058","EOD-FR"
63.1615322948197,260,"MO058","EOD-FR"
61.298476882749,260,"MO058","EOD-FR"
65.5740841622658,260,"MO058","EOD-FR"
68.8957210628197,260,"MO058","EOD-FR"
64.4636034585863,261,"MO058","EOD-FR"
65.5757351313255,261,"MO058","EOD-FR"
65.751338560478,261,"MO058","EOD-FR"
65.5899558562583,261,"MO058","EOD-FR"
73.4821077152796,262,"MO058","EOD-FR"
73.9223751786577,262,"MO058","EOD-FR"
62.7736026648124,262,"MO058","EOD-FR"
71.4216853239959,262,"MO058","EOD-FR"
47.3790873737503,263,"MO060","Control"
NA,263,"MO060","Control"
NA,263,"MO060","Control"
NA,263,"MO060","Control"
44.4818487057348,264,"MO060","Control"
48.9925455609967,264,"MO060","Control"
44.0527593951214,264,"MO060","Control"
NA,264,"MO060","Control"
60.5255070539449,265,"MO060","EOD-FR"
NA,265,"MO060","EOD-FR"
NA,265,"MO060","EOD-FR"
NA,265,"MO060","EOD-FR"
59.808508300675,266,"MO060","EOD-FR"
NA,266,"MO060","EOD-FR"
NA,266,"MO060","EOD-FR"
NA,266,"MO060","EOD-FR"
56.7379954780195,267,"MO060","EOD-FR"
53.6064853699897,267,"MO060","EOD-FR"
NA,267,"MO060","EOD-FR"
NA,267,"MO060","EOD-FR"
62.226430327656,268,"MO060","EOD-FR"
56.7557460356265,268,"MO060","EOD-FR"
NA,268,"MO060","EOD-FR"
NA,268,"MO060","EOD-FR"
83.7479850427828,269,"MO061","Control"
82.6068135037189,269,"MO061","Control"
NA,269,"MO061","Control"
NA,269,"MO061","Control"
89.5796412114735,270,"MO061","Control"
90.360890831746,270,"MO061","Control"
NA,270,"MO061","Control"
NA,270,"MO061","Control"
88.3749156051202,271,"MO061","Control"
87.9638679838244,271,"MO061","Control"
NA,271,"MO061","Control"
NA,271,"MO061","Control"
82.4922464390783,272,"MO061","Control"
80.586455696282,272,"MO061","Control"
NA,272,"MO061","Control"
NA,272,"MO061","Control"
88.7648405971015,273,"MO061","EOD-FR"
NA,273,"MO061","EOD-FR"
NA,273,"MO061","EOD-FR"
NA,273,"MO061","EOD-FR"
95.8175643309194,274,"MO061","EOD-FR"
92.1206195581205,274,"MO061","EOD-FR"
NA,274,"MO061","EOD-FR"
NA,274,"MO061","EOD-FR"
99.1547346645187,275,"MO061","EOD-FR"
94.7825978652294,275,"MO061","EOD-FR"
NA,275,"MO061","EOD-FR"
NA,275,"MO061","EOD-FR"
95.3306683920439,276,"MO061","EOD-FR"
92.5933697536854,276,"MO061","EOD-FR"
94.7381893834821,276,"MO061","EOD-FR"
94.746795422165,276,"MO061","EOD-FR"
98.3089957000459,277,"MO066","Control"
103.386443395773,277,"MO066","Control"
106.267321598262,277,"MO066","Control"
100.2400403402,277,"MO066","Control"
105.171450178579,278,"MO066","Control"
108.758371950781,278,"MO066","Control"
108.113292619127,278,"MO066","Control"
109.372614627065,278,"MO066","Control"
106.907737494422,279,"MO066","Control"
103.690745482718,279,"MO066","Control"
100.958084681179,279,"MO066","Control"
101.817403681122,279,"MO066","Control"
105.289387779801,280,"MO066","Control"
105.896452695742,280,"MO066","Control"
105.719052396593,280,"MO066","Control"
98.7692609301075,280,"MO066","Control"
106.996676531726,281,"MO066","EOD-FR"
106.477694069539,281,"MO066","EOD-FR"
114.00972585855,281,"MO066","EOD-FR"
108.482491670087,281,"MO066","EOD-FR"
114.309373499031,282,"MO066","EOD-FR"
112.676794869078,282,"MO066","EOD-FR"
110.663527334438,282,"MO066","EOD-FR"
NA,282,"MO066","EOD-FR"
104.669487244972,283,"MO066","EOD-FR"
109.24028460062,283,"MO066","EOD-FR"
115.29158642052,283,"MO066","EOD-FR"
NA,283,"MO066","EOD-FR"
110.595760759435,284,"MO066","EOD-FR"
104.900208552576,284,"MO066","EOD-FR"
105.287470274426,284,"MO066","EOD-FR"
106.08637676132,284,"MO066","EOD-FR"
78.6755576871487,285,"MO067","Control"
83.5622183878446,285,"MO067","Control"
81.3081282247276,285,"MO067","Control"
NA,285,"MO067","Control"
88.7074395169095,286,"MO067","Control"
96.6413261853434,286,"MO067","Control"
89.0612253473694,286,"MO067","Control"
92.7691474047295,286,"MO067","Control"
82.3817915765648,287,"MO067","Control"
82.9702696763113,287,"MO067","Control"
90.0566959801954,287,"MO067","Control"
NA,287,"MO067","Control"
79.7357532098054,288,"MO067","Control"
84.935027603889,288,"MO067","Control"
84.4571705345404,288,"MO067","Control"
86.7415612908969,288,"MO067","Control"
93.5831492776913,289,"MO067","EOD-FR"
86.9200103093946,289,"MO067","EOD-FR"
89.3987967510437,289,"MO067","EOD-FR"
96.033775316224,289,"MO067","EOD-FR"
91.3591869575666,290,"MO067","EOD-FR"
92.4567757585366,290,"MO067","EOD-FR"
91.54448531903,290,"MO067","EOD-FR"
90.8584185694877,290,"MO067","EOD-FR"
91.0754112633147,291,"MO067","EOD-FR"
NA,291,"MO067","EOD-FR"
NA,291,"MO067","EOD-FR"
NA,291,"MO067","EOD-FR"
70.0372736590395,292,"MO074","Control"
71.1609284859849,292,"MO074","Control"
62.676221792584,292,"MO074","Control"
NA,292,"MO074","Control"
63.7031002348708,293,"MO074","Control"
NA,293,"MO074","Control"
NA,293,"MO074","Control"
NA,293,"MO074","Control"
71.60020912841,294,"MO074","Control"
64.8181653809939,294,"MO074","Control"
60.3237149542728,294,"MO074","Control"
64.1538703477317,294,"MO074","Control"
68.805788438682,295,"MO074","Control"
NA,295,"MO074","Control"
NA,295,"MO074","Control"
NA,295,"MO074","Control"
78.6596790888644,296,"MO074","EOD-FR"
80.7583929429135,296,"MO074","EOD-FR"
NA,296,"MO074","EOD-FR"
NA,296,"MO074","EOD-FR"
75.8941141006171,297,"MO074","EOD-FR"
NA,297,"MO074","EOD-FR"
NA,297,"MO074","EOD-FR"
NA,297,"MO074","EOD-FR"
77.799613746631,298,"MO074","EOD-FR"
76.4971423664952,298,"MO074","EOD-FR"
74.4503827018957,298,"MO074","EOD-FR"
79.4531720498465,298,"MO074","EOD-FR"
69.8258338872463,299,"MO074","EOD-FR"
75.5525187186047,299,"MO074","EOD-FR"
73.0831850693983,299,"MO074","EOD-FR"
72.3851525217686,299,"MO074","EOD-FR"
79.9067746124666,300,"MO075","Control"
82.7473751637825,300,"MO075","Control"
NA,300,"MO075","Control"
NA,300,"MO075","Control"
81.1098928487572,301,"MO075","Control"
82.7732705843296,301,"MO075","Control"
77.1873875307475,301,"MO075","Control"
73.3410036575286,301,"MO075","Control"
77.9386080372717,302,"MO075","Control"
81.9140951031648,302,"MO075","Control"
78.7169426398321,302,"MO075","Control"
NA,302,"MO075","Control"
81.4705373535049,303,"MO075","Control"
75.4684965806687,303,"MO075","Control"
84.7144841291108,303,"MO075","Control"
84.8809891288547,303,"MO075","Control"
91.8210496328201,304,"MO075","EOD-FR"
85.9891846814584,304,"MO075","EOD-FR"
90.7867054285877,304,"MO075","EOD-FR"
85.4278627593911,304,"MO075","EOD-FR"
80.0861054200439,305,"MO075","EOD-FR"
88.9408041527754,305,"MO075","EOD-FR"
82.7751594775819,305,"MO075","EOD-FR"
79.5362352960881,305,"MO075","EOD-FR"
88.4384271104174,306,"MO075","EOD-FR"
87.4864101271217,306,"MO075","EOD-FR"
91.7137870121933,306,"MO075","EOD-FR"
95.7800491704543,306,"MO075","EOD-FR"
93.2501049776639,307,"MO075","EOD-FR"
95.4514224276759,307,"MO075","EOD-FR"
89.8093799977833,307,"MO075","EOD-FR"
NA,307,"MO075","EOD-FR"
64.0404487939624,308,"MO076","Control"
NA,308,"MO076","Control"
NA,308,"MO076","Control"
NA,308,"MO076","Control"
66.8882699520226,309,"MO076","EOD-FR"
NA,309,"MO076","EOD-FR"
NA,309,"MO076","EOD-FR"
NA,309,"MO076","EOD-FR"
69.9935901697195,310,"MO076","EOD-FR"
NA,310,"MO076","EOD-FR"
NA,310,"MO076","EOD-FR"
NA,310,"MO076","EOD-FR"
98.4455312638021,311,"MO077","Control"
99.9778602840563,311,"MO077","Control"
NA,311,"MO077","Control"
NA,311,"MO077","Control"
95.0691106316221,312,"MO077","Control"
92.7716081284847,312,"MO077","Control"
NA,312,"MO077","Control"
NA,312,"MO077","Control"
95.8611870940919,313,"MO077","Control"
95.428892515759,313,"MO077","Control"
95.3727176931529,313,"MO077","Control"
NA,313,"MO077","Control"
99.9358348239428,314,"MO077","EOD-FR"
96.1518341968603,314,"MO077","EOD-FR"
NA,314,"MO077","EOD-FR"
NA,314,"MO077","EOD-FR"
104.635777038884,315,"MO077","EOD-FR"
108.418020997583,315,"MO077","EOD-FR"
105.479761398089,315,"MO077","EOD-FR"
103.970369886353,315,"MO077","EOD-FR"
102.692014672269,316,"MO077","EOD-FR"
103.896338111241,316,"MO077","EOD-FR"
NA,316,"MO077","EOD-FR"
NA,316,"MO077","EOD-FR"
99.5868334283805,317,"MO077","EOD-FR"
107.437088968477,317,"MO077","EOD-FR"
NA,317,"MO077","EOD-FR"
NA,317,"MO077","EOD-FR"
42.0675318524677,318,"MO079","Control"
48.207124055107,318,"MO079","Control"
46.1374945220298,318,"MO079","Control"
52.4778815080329,318,"MO079","Control"
55.9870617962185,319,"MO079","Control"
48.2936636490972,319,"MO079","Control"
56.411350540141,319,"MO079","Control"
45.291591978147,319,"MO079","Control"
48.3600449593653,320,"MO079","Control"
47.7948302020571,320,"MO079","Control"
48.4253308541267,320,"MO079","Control"
50.3067371796362,320,"MO079","Control"
50.7771288944196,321,"MO079","Control"
49.4578761104694,321,"MO079","Control"
48.6400948558776,321,"MO079","Control"
NA,321,"MO079","Control"
61.3213532025055,322,"MO079","EOD-FR"
57.0326826798318,322,"MO079","EOD-FR"
65.549302392552,322,"MO079","EOD-FR"
62.0618651761842,322,"MO079","EOD-FR"
56.9342371112054,323,"MO079","EOD-FR"
55.355145246567,323,"MO079","EOD-FR"
48.990917102297,323,"MO079","EOD-FR"
55.0215413299637,323,"MO079","EOD-FR"
57.7925872528793,324,"MO079","EOD-FR"
48.6509574293766,324,"MO079","EOD-FR"
55.4278652261163,324,"MO079","EOD-FR"
NA,324,"MO079","EOD-FR"
52.3354948609952,325,"MO079","EOD-FR"
53.4573182697481,325,"MO079","EOD-FR"
53.7407737986444,325,"MO079","EOD-FR"
56.1627122444371,325,"MO079","EOD-FR"
62.5430626511105,326,"MO262","Control"
65.0100017862223,326,"MO262","Control"
61.0988450440614,326,"MO262","Control"
61.987921862103,326,"MO262","Control"
52.4367564462466,327,"MO262","Control"
54.9302725132292,327,"MO262","Control"
55.9111751030686,327,"MO262","Control"
56.1731706679779,327,"MO262","Control"
64.0133277831989,328,"MO262","Control"
54.4910126381795,328,"MO262","Control"
54.0675842116266,328,"MO262","Control"
57.3297327077939,328,"MO262","Control"
50.9063839505389,329,"MO262","Control"
50.0361150054249,329,"MO262","Control"
49.4361585346376,329,"MO262","Control"
45.3511017374458,329,"MO262","Control"
72.5286115408137,330,"MO262","EOD-FR"
67.2688439276529,330,"MO262","EOD-FR"
65.4667537164747,330,"MO262","EOD-FR"
NA,330,"MO262","EOD-FR"
62.6874394587185,331,"MO262","EOD-FR"
64.7765159824865,331,"MO262","EOD-FR"
58.7163365239188,331,"MO262","EOD-FR"
63.0686266726401,331,"MO262","EOD-FR"
70.4853902061035,332,"MO262","EOD-FR"
67.6165376431858,332,"MO262","EOD-FR"
61.2185982308347,332,"MO262","EOD-FR"
68.5637577345501,332,"MO262","EOD-FR"
66.484645634123,333,"MO262","EOD-FR"
61.1411699966291,333,"MO262","EOD-FR"
57.7267737718814,333,"MO262","EOD-FR"
65.4823915637409,333,"MO262","EOD-FR"
69.5411060262073,334,"MO264","Control"
73.9768594719804,334,"MO264","Control"
NA,334,"MO264","Control"
NA,334,"MO264","Control"
58.6352360965839,335,"MO264","Control"
68.2226524703598,335,"MO264","Control"
70.6285989305233,335,"MO264","Control"
63.1557673904038,335,"MO264","Control"
71.0300830138101,336,"MO264","Control"
71.5860338603713,336,"MO264","Control"
70.6175296571634,336,"MO264","Control"
71.9139049792401,336,"MO264","Control"
65.4996651301757,337,"MO264","Control"
71.8546829712863,337,"MO264","Control"
NA,337,"MO264","Control"
NA,337,"MO264","Control"
75.3316389610575,338,"MO264","EOD-FR"
73.4172346834794,338,"MO264","EOD-FR"
NA,338,"MO264","EOD-FR"
NA,338,"MO264","EOD-FR"
63.812432550923,339,"MO264","EOD-FR"
74.2882204307942,339,"MO264","EOD-FR"
79.495387027536,339,"MO264","EOD-FR"
75.7804718872846,339,"MO264","EOD-FR"
86.7405034570222,340,"MO264","EOD-FR"
80.8893710614781,340,"MO264","EOD-FR"
79.2935395379259,340,"MO264","EOD-FR"
NA,340,"MO264","EOD-FR"
79.4957793183953,341,"MO264","EOD-FR"
78.2852528864923,341,"MO264","EOD-FR"
78.0318554669969,341,"MO264","EOD-FR"
81.4588392272751,341,"MO264","EOD-FR"
102.676202715363,342,"MO265","Control"
103.455857060258,342,"MO265","Control"
NA,342,"MO265","Control"
NA,342,"MO265","Control"
100.477473484606,343,"MO265","Control"
102.994284663718,343,"MO265","Control"
NA,343,"MO265","Control"
NA,343,"MO265","Control"
100.720074885173,344,"MO265","Control"
108.378066503668,344,"MO265","Control"
NA,344,"MO265","Control"
NA,344,"MO265","Control"
102.977990410745,345,"MO265","Control"
102.812877618394,345,"MO265","Control"
107.216551203341,345,"MO265","Control"
NA,345,"MO265","Control"
107.605632204415,346,"MO265","EOD-FR"
102.251754769048,346,"MO265","EOD-FR"
107.144524882635,346,"MO265","EOD-FR"
NA,346,"MO265","EOD-FR"
109.439875424576,347,"MO265","EOD-FR"
113.504803975118,347,"MO265","EOD-FR"
NA,347,"MO265","EOD-FR"
NA,347,"MO265","EOD-FR"
108.132873802604,348,"MO265","EOD-FR"
106.619591882102,348,"MO265","EOD-FR"
101.442520009672,348,"MO265","EOD-FR"
108.289629125549,348,"MO265","EOD-FR"
96.2592783192009,349,"MO266","Control"
98.515843449874,349,"MO266","Control"
102.435646088748,349,"MO266","Control"
NA,349,"MO266","Control"
95.647752199899,350,"MO266","Control"
87.6149463942308,350,"MO266","Control"
95.1036072407104,350,"MO266","Control"
92.2723264567814,350,"MO266","Control"
100.658003909117,351,"MO266","Control"
97.011743507986,351,"MO266","Control"
98.5961013750953,351,"MO266","Control"
100.444888167003,351,"MO266","Control"
105.092027096459,352,"MO266","Control"
99.2098252889299,352,"MO266","Control"
89.811596370706,352,"MO266","Control"
94.8098509825719,352,"MO266","Control"
105.185012985206,353,"MO266","EOD-FR"
102.012765249567,353,"MO266","EOD-FR"
NA,353,"MO266","EOD-FR"
NA,353,"MO266","EOD-FR"
96.7206376972004,354,"MO266","EOD-FR"
102.272160818519,354,"MO266","EOD-FR"
103.927700205505,354,"MO266","EOD-FR"
NA,354,"MO266","EOD-FR"
106.352065359668,355,"MO266","EOD-FR"
106.09017445025,355,"MO266","EOD-FR"
100.569592077806,355,"MO266","EOD-FR"
103.579078846207,355,"MO266","EOD-FR"
105.276689559908,356,"MO266","EOD-FR"
99.1620472745247,356,"MO266","EOD-FR"
98.9076748692932,356,"MO266","EOD-FR"
100.180641194103,356,"MO266","EOD-FR"
62.7368094574953,357,"MO267","Control"
62.0256766863881,357,"MO267","Control"
NA,357,"MO267","Control"
NA,357,"MO267","Control"
59.2718590603627,358,"MO267","Control"
64.3570195841267,358,"MO267","Control"
63.1747364246161,358,"MO267","Control"
NA,358,"MO267","Control"
70.9087160634912,359,"MO267","Control"
68.5322992791549,359,"MO267","Control"
NA,359,"MO267","Control"
NA,359,"MO267","Control"
64.0361110279558,360,"MO267","EOD-FR"
NA,360,"MO267","EOD-FR"
NA,360,"MO267","EOD-FR"
NA,360,"MO267","EOD-FR"
78.0291857505636,361,"MO267","EOD-FR"
65.4066293881965,361,"MO267","EOD-FR"
67.6912997036136,361,"MO267","EOD-FR"
NA,361,"MO267","EOD-FR"
70.3859590612412,362,"MO267","EOD-FR"
68.3047727523668,362,"MO267","EOD-FR"
NA,362,"MO267","EOD-FR"
NA,362,"MO267","EOD-FR"
74.0872524224081,363,"MO267","EOD-FR"
71.4709519205088,363,"MO267","EOD-FR"
NA,363,"MO267","EOD-FR"
NA,363,"MO267","EOD-FR"
49.1387998194097,364,"MO269","Control"
46.294279594592,364,"MO269","Control"
NA,364,"MO269","Control"
NA,364,"MO269","Control"
49.0779642608514,365,"MO269","Control"
46.490651033896,365,"MO269","Control"
51.8433942369412,365,"MO269","Control"
44.971864462732,365,"MO269","Control"
45.1992219451736,366,"MO269","Control"
44.9060876438052,366,"MO269","Control"
44.9127287899206,366,"MO269","Control"
NA,366,"MO269","Control"
50.0465221734323,367,"MO269","Control"
50.8644882936052,367,"MO269","Control"
NA,367,"MO269","Control"
NA,367,"MO269","Control"
59.1625883379127,368,"MO269","EOD-FR"
67.2736968139599,368,"MO269","EOD-FR"
NA,368,"MO269","EOD-FR"
NA,368,"MO269","EOD-FR"
61.0070001029962,369,"MO269","EOD-FR"
54.8876087338555,369,"MO269","EOD-FR"
63.9871037157525,369,"MO269","EOD-FR"
65.0970202882151,369,"MO269","EOD-FR"
53.8809648165466,370,"MO269","EOD-FR"
57.6069318589958,370,"MO269","EOD-FR"
57.6017841637612,370,"MO269","EOD-FR"
49.4988162092957,370,"MO269","EOD-FR"
61.7472675295083,371,"MO269","EOD-FR"
60.116167809006,371,"MO269","EOD-FR"
63.7441399273501,371,"MO269","EOD-FR"
NA,371,"MO269","EOD-FR"
55.8937013672964,372,"MO272","Control"
51.0103745106454,372,"MO272","Control"
NA,372,"MO272","Control"
NA,372,"MO272","Control"
53.6121116998806,373,"MO272","Control"
59.1158189712005,373,"MO272","Control"
62.6965885946002,373,"MO272","Control"
NA,373,"MO272","Control"
58.5912326113027,374,"MO272","Control"
NA,374,"MO272","Control"
NA,374,"MO272","Control"
NA,374,"MO272","Control"
56.6891193660986,375,"MO272","Control"
54.8652133716888,375,"MO272","Control"
52.0376944194075,375,"MO272","Control"
NA,375,"MO272","Control"
55.2903739702632,376,"MO272","EOD-FR"
55.8417496004108,376,"MO272","EOD-FR"
57.4765869045743,376,"MO272","EOD-FR"
NA,376,"MO272","EOD-FR"
64.1914480845746,377,"MO272","EOD-FR"
66.3349770591533,377,"MO272","EOD-FR"
64.3251853326217,377,"MO272","EOD-FR"
65.1792451434548,377,"MO272","EOD-FR"
66.9520854531808,378,"MO272","EOD-FR"
66.9093555458701,378,"MO272","EOD-FR"
65.4676660637996,378,"MO272","EOD-FR"
60.4376450580042,378,"MO272","EOD-FR"
67.3007161395579,379,"MO272","EOD-FR"
65.8744664440759,379,"MO272","EOD-FR"
65.5227321076282,379,"MO272","EOD-FR"
NA,379,"MO272","EOD-FR"
82.2386169420259,380,"MO275","Control"
72.6716070500814,380,"MO275","Control"
NA,380,"MO275","Control"
NA,380,"MO275","Control"
88.2816321094257,381,"MO275","Control"
81.267040496505,381,"MO275","Control"
86.3647382310669,381,"MO275","Control"
NA,381,"MO275","Control"
82.2828552143283,382,"MO275","Control"
85.3114008984628,382,"MO275","Control"
89.9935232174711,382,"MO275","Control"
NA,382,"MO275","Control"
85.5198856146792,383,"MO275","Control"
NA,383,"MO275","Control"
NA,383,"MO275","Control"
NA,383,"MO275","Control"
94.2834536959138,384,"MO275","EOD-FR"
NA,384,"MO275","EOD-FR"
NA,384,"MO275","EOD-FR"
NA,384,"MO275","EOD-FR"
94.0651158863008,385,"MO275","EOD-FR"
98.9939469775794,385,"MO275","EOD-FR"
96.9828426755807,385,"MO275","EOD-FR"
96.325009447634,385,"MO275","EOD-FR"
90.4200784014823,386,"MO275","EOD-FR"
89.1213548103394,386,"MO275","EOD-FR"
91.6618323428758,386,"MO275","EOD-FR"
NA,386,"MO275","EOD-FR"
88.0684478402076,387,"MO275","EOD-FR"
91.9290374280045,387,"MO275","EOD-FR"
NA,387,"MO275","EOD-FR"
NA,387,"MO275","EOD-FR"
46.1039091039679,388,"MO276","Control"
49.9161860190387,388,"MO276","Control"
NA,388,"MO276","Control"
NA,388,"MO276","Control"
49.3295610592372,389,"MO276","Control"
52.7771884584797,389,"MO276","Control"
47.8449882064747,389,"MO276","Control"
NA,389,"MO276","Control"
51.4661750335037,390,"MO276","Control"
48.207651895002,390,"MO276","Control"
37.997290956959,390,"MO276","Control"
NA,390,"MO276","Control"
53.2878239484843,391,"MO276","EOD-FR"
NA,391,"MO276","EOD-FR"
NA,391,"MO276","EOD-FR"
NA,391,"MO276","EOD-FR"
51.0883972559427,392,"MO276","EOD-FR"
54.5679970414162,392,"MO276","EOD-FR"
53.282919654975,392,"MO276","EOD-FR"
53.7370152963029,392,"MO276","EOD-FR"
56.928894908879,393,"MO276","EOD-FR"
47.9107858470631,393,"MO276","EOD-FR"
57.1505928125244,393,"MO276","EOD-FR"
53.287776772874,393,"MO276","EOD-FR"
37.3856876396341,394,"MO281","Control"
NA,394,"MO281","Control"
NA,394,"MO281","Control"
NA,394,"MO281","Control"
36.8296839829192,395,"MO281","Control"
44.961509396632,395,"MO281","Control"
38.6804557351972,395,"MO281","Control"
36.4879458365455,395,"MO281","Control"
32.6679472944566,396,"MO281","Control"
36.3719160302281,396,"MO281","Control"
34.1061673665324,396,"MO281","Control"
NA,396,"MO281","Control"
33.5379429496871,397,"MO281","Control"
38.9378570002319,397,"MO281","Control"
NA,397,"MO281","Control"
NA,397,"MO281","Control"
46.3282812910304,398,"MO281","EOD-FR"
46.866488726887,398,"MO281","EOD-FR"
NA,398,"MO281","EOD-FR"
NA,398,"MO281","EOD-FR"
47.2551492628721,399,"MO281","EOD-FR"
46.9391440729499,399,"MO281","EOD-FR"
46.0177856414303,399,"MO281","EOD-FR"
50.1403997013734,399,"MO281","EOD-FR"
47.0733263300943,400,"MO281","EOD-FR"
46.0550368031036,400,"MO281","EOD-FR"
51.3841104891678,400,"MO281","EOD-FR"
NA,400,"MO281","EOD-FR"
47.6155453017858,401,"MO281","EOD-FR"
46.4654994964553,401,"MO281","EOD-FR"
42.3928660533474,401,"MO281","EOD-FR"
46.6042165789768,401,"MO281","EOD-FR"
102.305076814664,402,"MO284","Control"
102.980723099488,402,"MO284","Control"
NA,402,"MO284","Control"
NA,402,"MO284","Control"
101.924554674331,403,"MO284","Control"
96.4117203429181,403,"MO284","Control"
98.2269992495421,403,"MO284","Control"
97.2402874251422,403,"MO284","Control"
102.893394799381,404,"MO284","Control"
105.750313697299,404,"MO284","Control"
101.690675254306,404,"MO284","Control"
NA,404,"MO284","Control"
103.183659949236,405,"MO284","Control"
103.227941665644,405,"MO284","Control"
104.709725980683,405,"MO284","Control"
NA,405,"MO284","Control"
113.026286593835,406,"MO284","EOD-FR"
NA,406,"MO284","EOD-FR"
NA,406,"MO284","EOD-FR"
NA,406,"MO284","EOD-FR"
109.858803388817,407,"MO284","EOD-FR"
109.362459194483,407,"MO284","EOD-FR"
115.474336459927,407,"MO284","EOD-FR"
NA,407,"MO284","EOD-FR"
107.988567435013,408,"MO284","EOD-FR"
106.129166779511,408,"MO284","EOD-FR"
108.595604083518,408,"MO284","EOD-FR"
NA,408,"MO284","EOD-FR"
115.620303174174,409,"MO284","EOD-FR"
116.630341939972,409,"MO284","EOD-FR"
NA,409,"MO284","EOD-FR"
NA,409,"MO284","EOD-FR"
69.9906825384033,410,"MO287","Control"
68.6280849766087,410,"MO287","Control"
71.7098353102809,410,"MO287","Control"
68.1933940546077,410,"MO287","Control"
73.1168294790125,411,"MO287","Control"
72.1392867720882,411,"MO287","Control"
79.1597060918528,411,"MO287","Control"
75.7361540580705,411,"MO287","Control"
78.8923023263414,412,"MO287","Control"
79.6972517765405,412,"MO287","Control"
80.5830439505031,412,"MO287","Control"
77.6593043580989,412,"MO287","Control"
70.6394851454459,413,"MO287","Control"
67.8351261007136,413,"MO287","Control"
71.3768071326174,413,"MO287","Control"
69.558240534014,413,"MO287","Control"
81.1480112955051,414,"MO287","EOD-FR"
78.8061398892112,414,"MO287","EOD-FR"
82.4524819835356,414,"MO287","EOD-FR"
NA,414,"MO287","EOD-FR"
76.6471470220951,415,"MO287","EOD-FR"
79.2388479362239,415,"MO287","EOD-FR"
83.8434406873803,415,"MO287","EOD-FR"
NA,415,"MO287","EOD-FR"
80.8813078510939,416,"MO287","EOD-FR"
82.7945509509403,416,"MO287","EOD-FR"
80.972277609847,416,"MO287","EOD-FR"
81.5339980971979,416,"MO287","EOD-FR"
70.89235188087,417,"MO287","EOD-FR"
80.8092009570886,417,"MO287","EOD-FR"
80.5140207805366,417,"MO287","EOD-FR"
77.6090147681775,417,"MO287","EOD-FR"
79.3760661521553,418,"MO288","Control"
82.8512846744292,418,"MO288","Control"
79.0552924756964,418,"MO288","Control"
NA,418,"MO288","Control"
72.3614084048513,419,"MO288","Control"
72.321180023762,419,"MO288","Control"
71.867270186517,419,"MO288","Control"
NA,419,"MO288","Control"
74.8816922658976,420,"MO288","Control"
75.2040268974741,420,"MO288","Control"
70.8125120493203,420,"MO288","Control"
73.3584833623102,420,"MO288","Control"
77.5864842339338,421,"MO288","Control"
75.0377727550841,421,"MO288","Control"
73.0281350532841,421,"MO288","Control"
74.6171321711541,421,"MO288","Control"
82.6870586427636,422,"MO288","EOD-FR"
83.357613817022,422,"MO288","EOD-FR"
82.820148847459,422,"MO288","EOD-FR"
NA,422,"MO288","EOD-FR"
87.4975945337209,423,"MO288","EOD-FR"
79.0383426262993,423,"MO288","EOD-FR"
80.0820104907167,423,"MO288","EOD-FR"
81.9060212510587,423,"MO288","EOD-FR"
80.1493350566906,424,"MO288","EOD-FR"
85.8250268319356,424,"MO288","EOD-FR"
83.0883808191802,424,"MO288","EOD-FR"
83.1701290270931,424,"MO288","EOD-FR"
77.2370789032122,425,"MO288","EOD-FR"
76.7880063422907,425,"MO288","EOD-FR"
NA,425,"MO288","EOD-FR"
NA,425,"MO288","EOD-FR"
51.1130265251405,426,"MO296","Control"
50.7817268354297,426,"MO296","Control"
NA,426,"MO296","Control"
NA,426,"MO296","Control"
55.6188188051023,427,"MO296","Control"
47.4216159619924,427,"MO296","Control"
NA,427,"MO296","Control"
NA,427,"MO296","Control"
50.2478314856518,428,"MO296","Control"
NA,428,"MO296","Control"
NA,428,"MO296","Control"
NA,428,"MO296","Control"
61.5966607071532,429,"MO296","EOD-FR"
NA,429,"MO296","EOD-FR"
NA,429,"MO296","EOD-FR"
NA,429,"MO296","EOD-FR"
55.1159347985013,430,"MO296","EOD-FR"
61.2491854989882,430,"MO296","EOD-FR"
52.3309617244281,430,"MO296","EOD-FR"
NA,430,"MO296","EOD-FR"
51.4385497934679,431,"MO296","EOD-FR"
56.3255381350545,431,"MO296","EOD-FR"
NA,431,"MO296","EOD-FR"
NA,431,"MO296","EOD-FR"
54.6988720921958,432,"MO296","EOD-FR"
NA,432,"MO296","EOD-FR"
NA,432,"MO296","EOD-FR"
NA,432,"MO296","EOD-FR"
48.5824870188826,433,"MO297","Control"
48.6130715457914,433,"MO297","Control"
54.3037899196662,433,"MO297","Control"
NA,433,"MO297","Control"
44.402011912329,434,"MO297","Control"
55.7482892025455,434,"MO297","Control"
46.6857704058706,434,"MO297","Control"
52.1644005683189,434,"MO297","Control"
49.9355611051543,435,"MO297","Control"
47.0568052984706,435,"MO297","Control"
50.0814814124201,435,"MO297","Control"
NA,435,"MO297","Control"
53.6585288559872,436,"MO297","Control"
49.4119517266205,436,"MO297","Control"
53.2407414157951,436,"MO297","Control"
49.2767560584007,436,"MO297","Control"
67.0391237037729,437,"MO297","EOD-FR"
63.0709371330533,437,"MO297","EOD-FR"
NA,437,"MO297","EOD-FR"
NA,437,"MO297","EOD-FR"
54.3725923765535,438,"MO297","EOD-FR"
62.3263474189091,438,"MO297","EOD-FR"
57.5467623852245,438,"MO297","EOD-FR"
NA,438,"MO297","EOD-FR"
60.505056107862,439,"MO297","EOD-FR"
59.2281728846775,439,"MO297","EOD-FR"
63.7695249378296,439,"MO297","EOD-FR"
NA,439,"MO297","EOD-FR"
52.5836199960313,440,"MO297","EOD-FR"
54.079636465797,440,"MO297","EOD-FR"
57.2753696057085,440,"MO297","EOD-FR"
56.3453262870013,440,"MO297","EOD-FR"
105.988498346086,441,"MO298","Control"
102.016982530656,441,"MO298","Control"
112.348556326598,441,"MO298","Control"
NA,441,"MO298","Control"
99.8916389517485,442,"MO298","Control"
106.421162000984,442,"MO298","Control"
105.936677114401,442,"MO298","Control"
113.309798112031,442,"MO298","Control"
109.843035251414,443,"MO298","Control"
108.414527914734,443,"MO298","Control"
NA,443,"MO298","Control"
NA,443,"MO298","Control"
107.625538664764,444,"MO298","Control"
107.5554285732,444,"MO298","Control"
110.580185790076,444,"MO298","Control"
109.822767584251,444,"MO298","Control"
104.170350389136,445,"MO298","EOD-FR"
112.032101261201,445,"MO298","EOD-FR"
113.238986272807,445,"MO298","EOD-FR"
116.362043076161,445,"MO298","EOD-FR"
111.070582286031,446,"MO298","EOD-FR"
113.228023349691,446,"MO298","EOD-FR"
109.514337304105,446,"MO298","EOD-FR"
116.451735285136,446,"MO298","EOD-FR"
107.739445819956,447,"MO298","EOD-FR"
114.961731882637,447,"MO298","EOD-FR"
NA,447,"MO298","EOD-FR"
NA,447,"MO298","EOD-FR"
115.108634419588,448,"MO298","EOD-FR"
110.41834498941,448,"MO298","EOD-FR"
118.865427608018,448,"MO298","EOD-FR"
115.500467874631,448,"MO298","EOD-FR"
80.3161733987519,449,"MO309","Control"
NA,449,"MO309","Control"
NA,449,"MO309","Control"
NA,449,"MO309","Control"
69.1894970109601,450,"MO309","Control"
71.7865847226626,450,"MO309","Control"
NA,450,"MO309","Control"
NA,450,"MO309","Control"
78.723745067359,451,"MO309","Control"
75.2536419629204,451,"MO309","Control"
76.0213015074327,451,"MO309","Control"
76.8202678552769,451,"MO309","Control"
74.7488835596511,452,"MO309","Control"
71.3299259910603,452,"MO309","Control"
70.9950336187377,452,"MO309","Control"
NA,452,"MO309","Control"
90.5745013248651,453,"MO309","EOD-FR"
85.5695754259773,453,"MO309","EOD-FR"
87.2792901558001,453,"MO309","EOD-FR"
NA,453,"MO309","EOD-FR"
85.899192457235,454,"MO309","EOD-FR"
88.4181143204833,454,"MO309","EOD-FR"
74.5140576935886,454,"MO309","EOD-FR"
NA,454,"MO309","EOD-FR"
87.221978225469,455,"MO309","EOD-FR"
86.095788749456,455,"MO309","EOD-FR"
82.9868333248129,455,"MO309","EOD-FR"
NA,455,"MO309","EOD-FR"
89.7044643113053,456,"MO309","EOD-FR"
NA,456,"MO309","EOD-FR"
NA,456,"MO309","EOD-FR"
NA,456,"MO309","EOD-FR"
66.9632094952407,457,"MO310","Control"
63.5303703670516,457,"MO310","Control"
58.7002383877729,457,"MO310","Control"
NA,457,"MO310","Control"
59.1634837587121,458,"MO310","Control"
57.8428694025818,458,"MO310","Control"
57.995393570266,458,"MO310","Control"
NA,458,"MO310","Control"
55.9586122625683,459,"MO310","Control"
65.3591929626196,459,"MO310","Control"
64.6457949673541,459,"MO310","Control"
62.3846428888084,459,"MO310","Control"
53.962889755771,460,"MO310","Control"
63.9501857954129,460,"MO310","Control"
63.8754065187308,460,"MO310","Control"
62.9086379979653,460,"MO310","Control"
65.0035365571141,461,"MO310","EOD-FR"
66.4932151202926,461,"MO310","EOD-FR"
69.0821912243013,461,"MO310","EOD-FR"
69.6175638688681,461,"MO310","EOD-FR"
73.451673080196,462,"MO310","EOD-FR"
66.5801781660008,462,"MO310","EOD-FR"
NA,462,"MO310","EOD-FR"
NA,462,"MO310","EOD-FR"
69.0199893998136,463,"MO310","EOD-FR"
66.4974303877228,463,"MO310","EOD-FR"
68.6231992795671,463,"MO310","EOD-FR"
67.299410828792,463,"MO310","EOD-FR"
64.8431637688772,464,"MO310","EOD-FR"
69.3303183365326,464,"MO310","EOD-FR"
74.591414957084,464,"MO310","EOD-FR"
NA,464,"MO310","EOD-FR"
51.5285765083033,465,"MO311","Control"
46.5674512804121,465,"MO311","Control"
54.4793629124951,465,"MO311","Control"
49.752601900846,465,"MO311","Control"
41.3667175714063,466,"MO311","Control"
50.0642236549886,466,"MO311","Control"
46.503221085427,466,"MO311","Control"
48.1803648600238,466,"MO311","Control"
41.1867495681912,467,"MO311","Control"
48.6916506972605,467,"MO311","Control"
52.6264659347899,467,"MO311","Control"
55.5166692746708,467,"MO311","Control"
56.8371420377329,468,"MO311","EOD-FR"
53.3943553101856,468,"MO311","EOD-FR"
58.5498387739517,468,"MO311","EOD-FR"
NA,468,"MO311","EOD-FR"
44.9573119864336,469,"MO311","EOD-FR"
53.6522071730708,469,"MO311","EOD-FR"
51.7076960596265,469,"MO311","EOD-FR"
59.896368806674,469,"MO311","EOD-FR"
59.9105265771746,470,"MO311","EOD-FR"
54.8417395648271,470,"MO311","EOD-FR"
56.4497815019914,470,"MO311","EOD-FR"
58.6212524495368,470,"MO311","EOD-FR"
60.764027557349,471,"MO311","EOD-FR"
61.2686073411525,471,"MO311","EOD-FR"
56.7948076352494,471,"MO311","EOD-FR"
58.9061640595729,471,"MO311","EOD-FR"
81.1759555074681,472,"MO315","Control"
NA,472,"MO315","Control"
NA,472,"MO315","Control"
NA,472,"MO315","Control"
79.1953083845369,473,"MO315","Control"
81.1362781951636,473,"MO315","Control"
82.7234810037085,473,"MO315","Control"
81.6337393907315,473,"MO315","Control"
75.5573634428118,474,"MO315","Control"
78.9031415040044,474,"MO315","Control"
78.4734216872686,474,"MO315","Control"
NA,474,"MO315","Control"
89.3123720574189,475,"MO315","Control"
82.7024099129203,475,"MO315","Control"
77.254092952096,475,"MO315","Control"
79.2792495225855,475,"MO315","Control"
99.5572990006948,476,"MO315","EOD-FR"
89.6791983905319,476,"MO315","EOD-FR"
90.9136193916473,476,"MO315","EOD-FR"
NA,476,"MO315","EOD-FR"
86.7179811383075,477,"MO315","EOD-FR"
84.4350410085831,477,"MO315","EOD-FR"
94.0492957618354,477,"MO315","EOD-FR"
93.4724801664375,477,"MO315","EOD-FR"
84.7133664556725,478,"MO315","EOD-FR"
88.724168337847,478,"MO315","EOD-FR"
NA,478,"MO315","EOD-FR"
NA,478,"MO315","EOD-FR"
92.7217644561989,479,"MO315","EOD-FR"
88.1848912140046,479,"MO315","EOD-FR"
93.0550528633007,479,"MO315","EOD-FR"
87.8718075069536,479,"MO315","EOD-FR"
96.2944834035267,480,"MO317","Control"
87.3160046390341,480,"MO317","Control"
92.6008314737746,480,"MO317","Control"
NA,480,"MO317","Control"
80.954996763804,481,"MO317","Control"
94.7243523937591,481,"MO317","Control"
89.0112498701188,481,"MO317","Control"
83.0666262602998,481,"MO317","Control"
94.199460057032,482,"MO317","Control"
NA,482,"MO317","Control"
NA,482,"MO317","Control"
NA,482,"MO317","Control"
91.1615960353058,483,"MO317","EOD-FR"
92.2797441076531,483,"MO317","EOD-FR"
99.4694662492898,483,"MO317","EOD-FR"
NA,483,"MO317","EOD-FR"
98.4785227095128,484,"MO317","EOD-FR"
90.7925905567007,484,"MO317","EOD-FR"
92.8611434580319,484,"MO317","EOD-FR"
NA,484,"MO317","EOD-FR"
102.061650424193,485,"MO317","EOD-FR"
90.7448978150263,485,"MO317","EOD-FR"
97.5417227390637,485,"MO317","EOD-FR"
NA,485,"MO317","EOD-FR"
61.3337447238461,486,"MO321","Control"
61.8830856528321,486,"MO321","Control"
58.9785253419965,486,"MO321","Control"
57.5695573454484,486,"MO321","Control"
60.7161971803987,487,"MO321","Control"
71.6582189505864,487,"MO321","Control"
66.3887360172103,487,"MO321","Control"
68.0701613407446,487,"MO321","Control"
55.4857846474231,488,"MO321","Control"
59.0181123478885,488,"MO321","Control"
63.1100358338117,488,"MO321","Control"
62.3724644096329,488,"MO321","Control"
67.230948146363,489,"MO321","Control"
69.8754613564585,489,"MO321","Control"
64.3497489563375,489,"MO321","Control"
68.9784650664329,489,"MO321","Control"
76.670538154152,490,"MO321","EOD-FR"
72.7419822644342,490,"MO321","EOD-FR"
68.2414733725445,490,"MO321","EOD-FR"
70.5912367995116,490,"MO321","EOD-FR"
70.5287256320865,491,"MO321","EOD-FR"
66.9204741935912,491,"MO321","EOD-FR"
78.50661002472,491,"MO321","EOD-FR"
75.0964002459207,491,"MO321","EOD-FR"
79.2368900429851,492,"MO321","EOD-FR"
77.1323144102514,492,"MO321","EOD-FR"
71.1982823829988,492,"MO321","EOD-FR"
72.5350298772828,492,"MO321","EOD-FR"
73.9178193201803,493,"MO321","EOD-FR"
77.446056119959,493,"MO321","EOD-FR"
77.0528794826853,493,"MO321","EOD-FR"
75.2290672636523,493,"MO321","EOD-FR"
55.9871311772618,494,"MO322","Control"
58.0122690058882,494,"MO322","Control"
54.3129804149096,494,"MO322","Control"
54.4103876873751,494,"MO322","Control"
57.6265505612384,495,"MO322","Control"
NA,495,"MO322","Control"
NA,495,"MO322","Control"
NA,495,"MO322","Control"
63.038583200385,496,"MO322","Control"
55.8818842146721,496,"MO322","Control"
58.7007121352479,496,"MO322","Control"
NA,496,"MO322","Control"
64.891007841028,497,"MO322","EOD-FR"
57.535387832195,497,"MO322","EOD-FR"
62.5300562300543,497,"MO322","EOD-FR"
NA,497,"MO322","EOD-FR"
69.7858835808446,498,"MO322","EOD-FR"
69.9026107948348,498,"MO322","EOD-FR"
67.8359029922354,498,"MO322","EOD-FR"
NA,498,"MO322","EOD-FR"
69.2709170224526,499,"MO322","EOD-FR"
59.8819296511791,499,"MO322","EOD-FR"
67.4154563032715,499,"MO322","EOD-FR"
63.8603838691755,499,"MO322","EOD-FR"
94.7437275511459,500,"MO323","Control"
NA,500,"MO323","Control"
NA,500,"MO323","Control"
NA,500,"MO323","Control"
89.9285942428906,501,"MO323","Control"
94.1637160035823,501,"MO323","Control"
91.1958580008306,501,"MO323","Control"
NA,501,"MO323","Control"
83.7329499684063,502,"MO323","Control"
NA,502,"MO323","Control"
NA,502,"MO323","Control"
NA,502,"MO323","Control"
89.0314476605268,503,"MO323","Control"
95.9040136603072,503,"MO323","Control"
NA,503,"MO323","Control"
NA,503,"MO323","Control"
96.6915060784918,504,"MO323","EOD-FR"
94.1985288751771,504,"MO323","EOD-FR"
NA,504,"MO323","EOD-FR"
NA,504,"MO323","EOD-FR"
98.0147061337091,505,"MO323","EOD-FR"
NA,505,"MO323","EOD-FR"
NA,505,"MO323","EOD-FR"
NA,505,"MO323","EOD-FR"
89.2801996981998,506,"MO323","EOD-FR"
96.2522452212338,506,"MO323","EOD-FR"
91.8421553501552,506,"MO323","EOD-FR"
NA,506,"MO323","EOD-FR"
101.295214575998,507,"MO323","EOD-FR"
93.0293814996371,507,"MO323","EOD-FR"
89.0726228015696,507,"MO323","EOD-FR"
NA,507,"MO323","EOD-FR"
86.0729988184664,508,"MO325","Control"
NA,508,"MO325","Control"
NA,508,"MO325","Control"
NA,508,"MO325","Control"
79.4061302493766,509,"MO325","Control"
75.6619077400109,509,"MO325","Control"
79.4617092073643,509,"MO325","Control"
79.6396775669673,509,"MO325","Control"
74.9264301602126,510,"MO325","Control"
75.4740007033491,510,"MO325","Control"
75.311119601343,510,"MO325","Control"
NA,510,"MO325","Control"
91.826979405027,511,"MO325","EOD-FR"
NA,511,"MO325","EOD-FR"
NA,511,"MO325","EOD-FR"
NA,511,"MO325","EOD-FR"
88.4167690638358,512,"MO325","EOD-FR"
84.9589869262198,512,"MO325","EOD-FR"
NA,512,"MO325","EOD-FR"
NA,512,"MO325","EOD-FR"
84.2369654085087,513,"MO325","EOD-FR"
82.7460523794458,513,"MO325","EOD-FR"
NA,513,"MO325","EOD-FR"
NA,513,"MO325","EOD-FR"
92.6044448565781,514,"MO325","EOD-FR"
92.0886208317404,514,"MO325","EOD-FR"
86.3628554608509,514,"MO325","EOD-FR"
NA,514,"MO325","EOD-FR"
49.4427211204179,515,"MO326","Control"
44.6641377478655,515,"MO326","Control"
52.0120394519459,515,"MO326","Control"
NA,515,"MO326","Control"
43.5342563415119,516,"MO326","Control"
45.3333807799667,516,"MO326","Control"
45.5985474920138,516,"MO326","Control"
44.8270948765344,516,"MO326","Control"
54.9807454268766,517,"MO326","Control"
53.011179544459,517,"MO326","Control"
51.5464363059601,517,"MO326","Control"
NA,517,"MO326","Control"
50.6524874643065,518,"MO326","Control"
53.3652598143869,518,"MO326","Control"
50.8201386689469,518,"MO326","Control"
NA,518,"MO326","Control"
50.0753956336214,519,"MO326","EOD-FR"
51.9103192905897,519,"MO326","EOD-FR"
47.3772405342437,519,"MO326","EOD-FR"
NA,519,"MO326","EOD-FR"
57.6438980047341,520,"MO326","EOD-FR"
55.1090870697154,520,"MO326","EOD-FR"
58.8015340376043,520,"MO326","EOD-FR"
49.3161855770423,520,"MO326","EOD-FR"
49.4811739606333,521,"MO326","EOD-FR"
59.5339848104535,521,"MO326","EOD-FR"
NA,521,"MO326","EOD-FR"
NA,521,"MO326","EOD-FR"
52.8155394084854,522,"MO326","EOD-FR"
49.7358975934833,522,"MO326","EOD-FR"
55.2825218862228,522,"MO326","EOD-FR"
NA,522,"MO326","EOD-FR"
44.0740271716107,523,"MO328","Control"
NA,523,"MO328","Control"
NA,523,"MO328","Control"
NA,523,"MO328","Control"
44.2688192639539,524,"MO328","Control"
45.513723948424,524,"MO328","Control"
42.3819027192379,524,"MO328","Control"
NA,524,"MO328","Control"
54.4093805513717,525,"MO328","Control"
45.745701578774,525,"MO328","Control"
42.4126394770327,525,"MO328","Control"
NA,525,"MO328","Control"
44.7342135998916,526,"MO328","Control"
46.7707584454247,526,"MO328","Control"
48.9261314768952,526,"MO328","Control"
NA,526,"MO328","Control"
51.9980061196432,527,"MO328","EOD-FR"
50.91162934836,527,"MO328","EOD-FR"
NA,527,"MO328","EOD-FR"
NA,527,"MO328","EOD-FR"
45.6024592025547,528,"MO328","EOD-FR"
53.6458361951727,528,"MO328","EOD-FR"
44.9614305172178,528,"MO328","EOD-FR"
52.112452165178,528,"MO328","EOD-FR"
61.1012611579141,529,"MO328","EOD-FR"
62.7457222347953,529,"MO328","EOD-FR"
62.0270430959562,529,"MO328","EOD-FR"
61.9919221357767,529,"MO328","EOD-FR"
57.4653067372504,530,"MO328","EOD-FR"
57.4256467341551,530,"MO328","EOD-FR"
57.7482997957186,530,"MO328","EOD-FR"
NA,530,"MO328","EOD-FR"
72.8845222253786,531,"MO337","Control"
65.9162487375185,531,"MO337","Control"
NA,531,"MO337","Control"
NA,531,"MO337","Control"
73.8325430568079,532,"MO337","Control"
72.8628276934932,532,"MO337","Control"
NA,532,"MO337","Control"
NA,532,"MO337","Control"
72.8658913406744,533,"MO337","Control"
69.3440685198169,533,"MO337","Control"
NA,533,"MO337","Control"
NA,533,"MO337","Control"
65.9623180529902,534,"MO337","Control"
76.5861353557742,534,"MO337","Control"
72.0127054207111,534,"MO337","Control"
NA,534,"MO337","Control"
85.503439307651,535,"MO337","EOD-FR"
83.1475741488804,535,"MO337","EOD-FR"
NA,535,"MO337","EOD-FR"
NA,535,"MO337","EOD-FR"
78.7770895717216,536,"MO337","EOD-FR"
81.2047222601151,536,"MO337","EOD-FR"
80.1632797313646,536,"MO337","EOD-FR"
79.4134618139637,536,"MO337","EOD-FR"
90.8473867471222,537,"MO337","EOD-FR"
87.1991423855024,537,"MO337","EOD-FR"
79.1213583814275,537,"MO337","EOD-FR"
NA,537,"MO337","EOD-FR"
77.8177623766813,538,"MO337","EOD-FR"
83.9460790696175,538,"MO337","EOD-FR"
84.8100090970308,538,"MO337","EOD-FR"
NA,538,"MO337","EOD-FR"
56.1473995260741,539,"MO341","Control"
NA,539,"MO341","Control"
NA,539,"MO341","Control"
NA,539,"MO341","Control"
57.5124262316477,540,"MO341","Control"
61.9791403271295,540,"MO341","Control"
53.2200607734093,540,"MO341","Control"
58.6606736415607,540,"MO341","Control"
57.2592721919567,541,"MO341","Control"
67.3300134266678,541,"MO341","Control"
60.1702497679637,541,"MO341","Control"
NA,541,"MO341","Control"
63.0196654201941,542,"MO341","Control"
61.4969215709758,542,"MO341","Control"
64.7850003755585,542,"MO341","Control"
NA,542,"MO341","Control"
70.0202461944863,543,"MO341","EOD-FR"
64.3048685496197,543,"MO341","EOD-FR"
65.023667956231,543,"MO341","EOD-FR"
NA,543,"MO341","EOD-FR"
68.2987241795998,544,"MO341","EOD-FR"
71.4917762099388,544,"MO341","EOD-FR"
68.9531062402045,544,"MO341","EOD-FR"
71.0245988613422,544,"MO341","EOD-FR"
72.683632443004,545,"MO341","EOD-FR"
65.4957927098784,545,"MO341","EOD-FR"
68.0894795132925,545,"MO341","EOD-FR"
NA,545,"MO341","EOD-FR"
69.5974662081202,546,"MO341","EOD-FR"
65.8025944341481,546,"MO341","EOD-FR"
69.6889078477228,546,"MO341","EOD-FR"
NA,546,"MO341","EOD-FR"
45.4337871053409,547,"MO344","Control"
43.1069655288264,547,"MO344","Control"
NA,547,"MO344","Control"
NA,547,"MO344","Control"
46.1337314698105,548,"MO344","Control"
44.6305486690866,548,"MO344","Control"
42.9693031585575,548,"MO344","Control"
NA,548,"MO344","Control"
38.4482392930781,549,"MO344","Control"
40.3622245418686,549,"MO344","Control"
41.2033176812339,549,"MO344","Control"
NA,549,"MO344","Control"
53.3941307804189,550,"MO344","Control"
48.0199122782335,550,"MO344","Control"
52.1449782033843,550,"MO344","Control"
55.8218885011778,550,"MO344","Control"
51.6798660730263,551,"MO344","EOD-FR"
51.9599547065113,551,"MO344","EOD-FR"
51.3788268041299,551,"MO344","EOD-FR"
NA,551,"MO344","EOD-FR"
48.9330291859132,552,"MO344","EOD-FR"
43.5455159878161,552,"MO344","EOD-FR"
NA,552,"MO344","EOD-FR"
NA,552,"MO344","EOD-FR"
53.921731553235,553,"MO344","EOD-FR"
55.638274680952,553,"MO344","EOD-FR"
53.5164021810957,553,"MO344","EOD-FR"
NA,553,"MO344","EOD-FR"
55.4645107552316,554,"MO344","EOD-FR"
49.7916875574845,554,"MO344","EOD-FR"
NA,554,"MO344","EOD-FR"
NA,554,"MO344","EOD-FR"
55.1968214812942,555,"MO345","Control"
61.2383460064377,555,"MO345","Control"
54.1050363921696,555,"MO345","Control"
58.7047403777879,555,"MO345","Control"
66.3709699605923,556,"MO345","Control"
62.0761178642868,556,"MO345","Control"
60.7895417860769,556,"MO345","Control"
NA,556,"MO345","Control"
60.7109583869411,557,"MO345","Control"
NA,557,"MO345","Control"
NA,557,"MO345","Control"
NA,557,"MO345","Control"
62.6919470539078,558,"MO345","Control"
67.0847774408422,558,"MO345","Control"
NA,558,"MO345","Control"
NA,558,"MO345","Control"
76.9935207885932,559,"MO345","EOD-FR"
69.8123328713269,559,"MO345","EOD-FR"
72.2286033428098,559,"MO345","EOD-FR"
67.2008799200563,559,"MO345","EOD-FR"
77.8578531506867,560,"MO345","EOD-FR"
80.503195355795,560,"MO345","EOD-FR"
71.8186160061719,560,"MO345","EOD-FR"
74.433062852392,560,"MO345","EOD-FR"
71.0786197623732,561,"MO345","EOD-FR"
NA,561,"MO345","EOD-FR"
NA,561,"MO345","EOD-FR"
NA,561,"MO345","EOD-FR"
70.8855866569194,562,"MO345","EOD-FR"
68.2410442086371,562,"MO345","EOD-FR"
71.1183991271089,562,"MO345","EOD-FR"
65.8545303167333,562,"MO345","EOD-FR"
76.1619466043911,563,"MO346","Control"
NA,563,"MO346","Control"
NA,563,"MO346","Control"
NA,563,"MO346","Control"
68.1879832832398,564,"MO346","Control"
71.9618365919657,564,"MO346","Control"
65.64462074794,564,"MO346","Control"
73.6844383970369,564,"MO346","Control"
73.8628115568118,565,"MO346","Control"
71.8967384575404,565,"MO346","Control"
69.0062654976703,565,"MO346","Control"
NA,565,"MO346","Control"
70.0377029636863,566,"MO346","Control"
67.7572178366816,566,"MO346","Control"
68.7635698805228,566,"MO346","Control"
72.04336732568,566,"MO346","Control"
79.2893877443872,567,"MO346","EOD-FR"
79.6608331671708,567,"MO346","EOD-FR"
NA,567,"MO346","EOD-FR"
NA,567,"MO346","EOD-FR"
83.7366335044579,568,"MO346","EOD-FR"
93.5665029943579,568,"MO346","EOD-FR"
82.2068077134903,568,"MO346","EOD-FR"
83.5231507535908,568,"MO346","EOD-FR"
84.7962768461727,569,"MO346","EOD-FR"
80.131365006128,569,"MO346","EOD-FR"
80.5448080010167,569,"MO346","EOD-FR"
85.4826223290723,569,"MO346","EOD-FR"
76.7593165130348,570,"MO346","EOD-FR"
75.092446958899,570,"MO346","EOD-FR"
69.0558978533237,570,"MO346","EOD-FR"
75.6810271188158,570,"MO346","EOD-FR"
65.9465097800026,571,"MO352","Control"
NA,571,"MO352","Control"
NA,571,"MO352","Control"
NA,571,"MO352","Control"
59.2746450367239,572,"MO352","Control"
NA,572,"MO352","Control"
NA,572,"MO352","Control"
NA,572,"MO352","Control"
67.7235961725863,573,"MO352","Control"
68.870609260746,573,"MO352","Control"
NA,573,"MO352","Control"
NA,573,"MO352","Control"
71.2043143586388,574,"MO352","Control"
69.8456635609013,574,"MO352","Control"
NA,574,"MO352","Control"
NA,574,"MO352","Control"
77.252672664448,575,"MO352","EOD-FR"
70.577199020882,575,"MO352","EOD-FR"
NA,575,"MO352","EOD-FR"
NA,575,"MO352","EOD-FR"
72.1567643093273,576,"MO352","EOD-FR"
69.3890463340653,576,"MO352","EOD-FR"
NA,576,"MO352","EOD-FR"
NA,576,"MO352","EOD-FR"
73.7358584287185,577,"MO352","EOD-FR"
74.494734352197,577,"MO352","EOD-FR"
NA,577,"MO352","EOD-FR"
NA,577,"MO352","EOD-FR"
44.0901152832257,578,"MO354","Control"
40.2517314837039,578,"MO354","Control"
NA,578,"MO354","Control"
NA,578,"MO354","Control"
36.9335279091063,579,"MO354","Control"
38.866409427099,579,"MO354","Control"
39.1994763380745,579,"MO354","Control"
42.6719287231518,579,"MO354","Control"
37.7447768713637,580,"MO354","Control"
40.0660144418591,580,"MO354","Control"
54.147656066309,580,"MO354","Control"
36.5619061495513,580,"MO354","Control"
49.3043275749918,581,"MO354","Control"
44.7457385796469,581,"MO354","Control"
50.2010215128442,581,"MO354","Control"
NA,581,"MO354","Control"
50.522658327066,582,"MO354","EOD-FR"
48.0157078820502,582,"MO354","EOD-FR"
NA,582,"MO354","EOD-FR"
NA,582,"MO354","EOD-FR"
57.3590932468937,583,"MO354","EOD-FR"
44.4412805215043,583,"MO354","EOD-FR"
NA,583,"MO354","EOD-FR"
NA,583,"MO354","EOD-FR"
54.5659204727749,584,"MO354","EOD-FR"
56.2247115193448,584,"MO354","EOD-FR"
57.3921822998175,584,"MO354","EOD-FR"
57.8535362336201,584,"MO354","EOD-FR"
55.8970415920778,585,"MO354","EOD-FR"
55.7836900584794,585,"MO354","EOD-FR"
54.2307363024042,585,"MO354","EOD-FR"
45.2826631270175,585,"MO354","EOD-FR"
86.8906419588401,586,"MO355","Control"
93.7116239387526,586,"MO355","Control"
90.1528161825756,586,"MO355","Control"
90.1426892705383,586,"MO355","Control"
79.3142507313154,587,"MO355","Control"
88.612082346353,587,"MO355","Control"
82.9320758244742,587,"MO355","Control"
NA,587,"MO355","Control"
92.1981408725854,588,"MO355","Control"
92.274433389258,588,"MO355","Control"
NA,588,"MO355","Control"
NA,588,"MO355","Control"
91.3914527958504,589,"MO355","Control"
94.2246208967253,589,"MO355","Control"
NA,589,"MO355","Control"
NA,589,"MO355","Control"
97.9437316946248,590,"MO355","EOD-FR"
102.787836965173,590,"MO355","EOD-FR"
98.602432518058,590,"MO355","EOD-FR"
100.162611843858,590,"MO355","EOD-FR"
95.1502942470312,591,"MO355","EOD-FR"
101.88799199031,591,"MO355","EOD-FR"
99.5010040312748,591,"MO355","EOD-FR"
NA,591,"MO355","EOD-FR"
91.2655253750075,592,"MO355","EOD-FR"
96.2854951679289,592,"MO355","EOD-FR"
92.0866313202866,592,"MO355","EOD-FR"
NA,592,"MO355","EOD-FR"
96.1032981589219,593,"MO355","EOD-FR"
96.3888259572745,593,"MO355","EOD-FR"
89.5591900353598,593,"MO355","EOD-FR"
NA,593,"MO355","EOD-FR"
57.9264357351762,594,"MO357","Control"
57.399182729671,594,"MO357","Control"
56.5189381129982,594,"MO357","Control"
NA,594,"MO357","Control"
59.4726634401499,595,"MO357","Control"
62.8924035116796,595,"MO357","Control"
61.9358429793109,595,"MO357","Control"
59.498061860205,595,"MO357","Control"
55.2333957503183,596,"MO357","Control"
60.7356905200931,596,"MO357","Control"
58.2938477293142,596,"MO357","Control"
NA,596,"MO357","Control"
51.0519410239466,597,"MO357","Control"
57.7013556646986,597,"MO357","Control"
NA,597,"MO357","Control"
NA,597,"MO357","Control"
67.8225367598095,598,"MO357","EOD-FR"
62.4914531069043,598,"MO357","EOD-FR"
66.6724655257161,598,"MO357","EOD-FR"
63.9428140899372,598,"MO357","EOD-FR"
69.4817349458405,599,"MO357","EOD-FR"
58.2101415016095,599,"MO357","EOD-FR"
66.7783062056278,599,"MO357","EOD-FR"
NA,599,"MO357","EOD-FR"
73.7529503087785,600,"MO357","EOD-FR"
75.330624649958,600,"MO357","EOD-FR"
69.5085619889644,600,"MO357","EOD-FR"
74.264345149205,600,"MO357","EOD-FR"
99.1474974730127,601,"MO360","Control"
NA,601,"MO360","Control"
NA,601,"MO360","Control"
NA,601,"MO360","Control"
91.0124369387519,602,"MO360","Control"
89.8550549122326,602,"MO360","Control"
91.1585950594932,602,"MO360","Control"
93.1027296455859,602,"MO360","Control"
96.725352017996,603,"MO360","Control"
99.4925437830886,603,"MO360","Control"
95.9057683728888,603,"MO360","Control"
NA,603,"MO360","Control"
94.6774792209926,604,"MO360","Control"
92.9949958939637,604,"MO360","Control"
98.7890666349352,604,"MO360","Control"
91.9199974947646,604,"MO360","Control"
101.566184804948,605,"MO360","EOD-FR"
98.6094280875847,605,"MO360","EOD-FR"
97.8188037270653,605,"MO360","EOD-FR"
NA,605,"MO360","EOD-FR"
105.359013997812,606,"MO360","EOD-FR"
100.558510243816,606,"MO360","EOD-FR"
95.3389309736094,606,"MO360","EOD-FR"
NA,606,"MO360","EOD-FR"
100.806582126171,607,"MO360","EOD-FR"
105.172273713006,607,"MO360","EOD-FR"
NA,607,"MO360","EOD-FR"
NA,607,"MO360","EOD-FR"
102.65384096772,608,"MO360","EOD-FR"
99.0812237985912,608,"MO360","EOD-FR"
98.4684609979913,608,"MO360","EOD-FR"
92.2672866702424,608,"MO360","EOD-FR"
64.0927019064598,609,"MO364","Control"
65.2621349916849,609,"MO364","Control"
66.3229511247454,609,"MO364","Control"
62.9190980669967,609,"MO364","Control"
65.0511033393063,610,"MO364","Control"
57.2745673771141,610,"MO364","Control"
60.2951437731496,610,"MO364","Control"
NA,610,"MO364","Control"
62.801123061124,611,"MO364","Control"
56.4062520093759,611,"MO364","Control"
NA,611,"MO364","Control"
NA,611,"MO364","Control"
62.7623581971443,612,"MO364","Control"
61.3332804218511,612,"MO364","Control"
NA,612,"MO364","Control"
NA,612,"MO364","Control"
62.3120803947004,613,"MO364","EOD-FR"
70.875506338685,613,"MO364","EOD-FR"
NA,613,"MO364","EOD-FR"
NA,613,"MO364","EOD-FR"
66.7039791595688,614,"MO364","EOD-FR"
66.4435798355354,614,"MO364","EOD-FR"
NA,614,"MO364","EOD-FR"
NA,614,"MO364","EOD-FR"
60.352217405518,615,"MO364","EOD-FR"
67.755004698675,615,"MO364","EOD-FR"
NA,615,"MO364","EOD-FR"
NA,615,"MO364","EOD-FR"
72.2850277789267,616,"MO364","EOD-FR"
65.9753196304418,616,"MO364","EOD-FR"
71.5412336814969,616,"MO364","EOD-FR"
NA,616,"MO364","EOD-FR"
71.0448714376721,617,"MO365","Control"
74.8604322687313,617,"MO365","Control"
69.1255914311457,617,"MO365","Control"
75.9715452137366,617,"MO365","Control"
67.6648157733271,618,"MO365","Control"
72.3009050513271,618,"MO365","Control"
75.0900901827452,618,"MO365","Control"
NA,618,"MO365","Control"
68.1528129274206,619,"MO365","Control"
69.0619171885138,619,"MO365","Control"
73.8648773598623,619,"MO365","Control"
65.7771208779197,619,"MO365","Control"
75.844985908555,620,"MO365","Control"
72.9579307414539,620,"MO365","Control"
78.9643404504795,620,"MO365","Control"
77.5482872797768,620,"MO365","Control"
89.0579349176354,621,"MO365","EOD-FR"
78.9453617026255,621,"MO365","EOD-FR"
79.4468791333055,621,"MO365","EOD-FR"
78.7409588008739,621,"MO365","EOD-FR"
91.8795877861942,622,"MO365","EOD-FR"
83.8962188286504,622,"MO365","EOD-FR"
87.0196728097236,622,"MO365","EOD-FR"
87.8073927650349,622,"MO365","EOD-FR"
80.8154752713456,623,"MO365","EOD-FR"
84.8925470769629,623,"MO365","EOD-FR"
84.2540749466538,623,"MO365","EOD-FR"
84.104871368805,623,"MO365","EOD-FR"
83.155363787008,624,"MO365","EOD-FR"
83.3493410941988,624,"MO365","EOD-FR"
83.9039472218636,624,"MO365","EOD-FR"
81.3227184507428,624,"MO365","EOD-FR"
98.6219004417073,625,"MO368","Control"
100.842428436914,625,"MO368","Control"
100.851418440645,625,"MO368","Control"
NA,625,"MO368","Control"
99.3902133554235,626,"MO368","Control"
99.6151065152635,626,"MO368","Control"
99.1712193510752,626,"MO368","Control"
NA,626,"MO368","Control"
105.256968974013,627,"MO368","EOD-FR"
104.500280108076,627,"MO368","EOD-FR"
103.629630235327,627,"MO368","EOD-FR"
NA,627,"MO368","EOD-FR"
116.011596699878,628,"MO368","EOD-FR"
109.94090184574,628,"MO368","EOD-FR"
110.740203841088,628,"MO368","EOD-FR"
109.62498768891,628,"MO368","EOD-FR"
105.710417886333,629,"MO368","EOD-FR"
NA,629,"MO368","EOD-FR"
NA,629,"MO368","EOD-FR"
NA,629,"MO368","EOD-FR"
112.408903754707,630,"MO368","EOD-FR"
NA,630,"MO368","EOD-FR"
NA,630,"MO368","EOD-FR"
NA,630,"MO368","EOD-FR"
55.1922687583342,631,"MO369","Control"
56.5530035829669,631,"MO369","Control"
54.3895628925379,631,"MO369","Control"
56.6980832907745,631,"MO369","Control"
60.4241837247272,632,"MO369","Control"
59.0641172612304,632,"MO369","Control"
66.007614875416,632,"MO369","Control"
63.1704218369038,632,"MO369","Control"
58.2117393958159,633,"MO369","Control"
53.1730812489925,633,"MO369","Control"
56.6747910907098,633,"MO369","Control"
NA,633,"MO369","Control"
51.5069147608803,634,"MO369","Control"
52.8764469723173,634,"MO369","Control"
53.1262222715926,634,"MO369","Control"
57.1230059554743,634,"MO369","Control"
63.2161692437696,635,"MO369","EOD-FR"
64.3623001927017,635,"MO369","EOD-FR"
69.03274095315,635,"MO369","EOD-FR"
NA,635,"MO369","EOD-FR"
57.3834614104647,636,"MO369","EOD-FR"
66.0135744831862,636,"MO369","EOD-FR"
63.7183627846661,636,"MO369","EOD-FR"
65.275133294433,636,"MO369","EOD-FR"
67.975384195917,637,"MO369","EOD-FR"
73.1013938291088,637,"MO369","EOD-FR"
73.3192519011497,637,"MO369","EOD-FR"
NA,637,"MO369","EOD-FR"
71.0865115442428,638,"MO369","EOD-FR"
59.8656451527587,638,"MO369","EOD-FR"
66.5645853381997,638,"MO369","EOD-FR"
71.5803521233131,638,"MO369","EOD-FR"
59.1225969795001,639,"MO378","Control"
61.3303926054004,639,"MO378","Control"
62.4939738578132,639,"MO378","Control"
55.6383385606364,639,"MO378","Control"
53.0666433072984,640,"MO378","Control"
62.8412700291535,640,"MO378","Control"
58.6205958380185,640,"MO378","Control"
53.6765779767432,640,"MO378","Control"
60.6917385019694,641,"MO378","Control"
57.3522768843352,641,"MO378","Control"
NA,641,"MO378","Control"
NA,641,"MO378","Control"
57.999148580732,642,"MO378","Control"
59.9197678026733,642,"MO378","Control"
NA,642,"MO378","Control"
NA,642,"MO378","Control"
66.408026240822,643,"MO378","EOD-FR"
NA,643,"MO378","EOD-FR"
NA,643,"MO378","EOD-FR"
NA,643,"MO378","EOD-FR"
64.5813074235277,644,"MO378","EOD-FR"
69.6704326015869,644,"MO378","EOD-FR"
65.1010022263476,644,"MO378","EOD-FR"
69.5156865895265,644,"MO378","EOD-FR"
62.7016190745429,645,"MO378","EOD-FR"
70.3263464364743,645,"MO378","EOD-FR"
NA,645,"MO378","EOD-FR"
NA,645,"MO378","EOD-FR"
65.8255182853735,646,"MO378","EOD-FR"
73.5893639447922,646,"MO378","EOD-FR"
NA,646,"MO378","EOD-FR"
NA,646,"MO378","EOD-FR"
40.5199749052703,647,"MO379","Control"
NA,647,"MO379","Control"
NA,647,"MO379","Control"
NA,647,"MO379","Control"
46.633397297027,648,"MO379","Control"
NA,648,"MO379","Control"
NA,648,"MO379","Control"
NA,648,"MO379","Control"
52.2130472372149,649,"MO379","Control"
46.9151485048303,649,"MO379","Control"
48.8827189137556,649,"MO379","Control"
NA,649,"MO379","Control"
44.0286250597581,650,"MO379","Control"
NA,650,"MO379","Control"
NA,650,"MO379","Control"
NA,650,"MO379","Control"
49.1996087745645,651,"MO379","EOD-FR"
60.7473323000731,651,"MO379","EOD-FR"
NA,651,"MO379","EOD-FR"
NA,651,"MO379","EOD-FR"
54.1389098112684,652,"MO379","EOD-FR"
49.6507311892193,652,"MO379","EOD-FR"
50.1725142854164,652,"MO379","EOD-FR"
57.5280896660588,652,"MO379","EOD-FR"
54.3907948206048,653,"MO379","EOD-FR"
52.412028204624,653,"MO379","EOD-FR"
58.643548682183,653,"MO379","EOD-FR"
NA,653,"MO379","EOD-FR"
57.8376177475752,654,"MO379","EOD-FR"
50.9307924327472,654,"MO379","EOD-FR"
NA,654,"MO379","EOD-FR"
NA,654,"MO379","EOD-FR"
107.031126115939,655,"MO382","Control"
105.37573552263,655,"MO382","Control"
109.653268482076,655,"MO382","Control"
107.514771777822,655,"MO382","Control"
102.422808904522,656,"MO382","Control"
104.655800918546,656,"MO382","Control"
105.512575528343,656,"MO382","Control"
102.826810416481,656,"MO382","Control"
101.660020837476,657,"MO382","Control"
103.804809785062,657,"MO382","Control"
102.700732714075,657,"MO382","Control"
103.171898318599,657,"MO382","Control"
102.109050775745,658,"MO382","Control"
100.191062831114,658,"MO382","Control"
101.43958217995,658,"MO382","Control"
NA,658,"MO382","Control"
109.481456901203,659,"MO382","EOD-FR"
114.066806149604,659,"MO382","EOD-FR"
NA,659,"MO382","EOD-FR"
NA,659,"MO382","EOD-FR"
111.368574241805,660,"MO382","EOD-FR"
116.776002532329,660,"MO382","EOD-FR"
109.722428338845,660,"MO382","EOD-FR"
116.683856516234,660,"MO382","EOD-FR"
112.51017659634,661,"MO382","EOD-FR"
107.114140197104,661,"MO382","EOD-FR"
112.478977167498,661,"MO382","EOD-FR"
112.971699002335,661,"MO382","EOD-FR"
108.255674602913,662,"MO382","EOD-FR"
111.893401029306,662,"MO382","EOD-FR"
117.505477562129,662,"MO382","EOD-FR"
NA,662,"MO382","EOD-FR"
97.214601403849,663,"MO383","Control"
NA,663,"MO383","Control"
NA,663,"MO383","Control"
NA,663,"MO383","Control"
98.4928982089725,664,"MO383","Control"
96.0516085221473,664,"MO383","Control"
NA,664,"MO383","Control"
NA,664,"MO383","Control"
94.2168667978364,665,"MO383","Control"
97.2789228464977,665,"MO383","Control"
93.3902241298429,665,"MO383","Control"
NA,665,"MO383","Control"
106.693390332488,666,"MO383","EOD-FR"
106.163223814215,666,"MO383","EOD-FR"
NA,666,"MO383","EOD-FR"
NA,666,"MO383","EOD-FR"
105.471014803959,667,"MO383","EOD-FR"
106.366875403844,667,"MO383","EOD-FR"
NA,667,"MO383","EOD-FR"
NA,667,"MO383","EOD-FR"
104.054649485629,668,"MO383","EOD-FR"
104.849589288528,668,"MO383","EOD-FR"
NA,668,"MO383","EOD-FR"
NA,668,"MO383","EOD-FR"
48.8941626982559,669,"MO384","Control"
NA,669,"MO384","Control"
NA,669,"MO384","Control"
NA,669,"MO384","Control"
56.7564528342108,670,"MO384","Control"
52.7879465859829,670,"MO384","Control"
NA,670,"MO384","Control"
NA,670,"MO384","Control"
57.9360794472923,671,"MO384","Control"
53.5705544956478,671,"MO384","Control"
53.0893011372697,671,"MO384","Control"
54.3502741600497,671,"MO384","Control"
51.9896371579234,672,"MO384","Control"
55.7172090864289,672,"MO384","Control"
54.3976967685382,672,"MO384","Control"
48.243105659188,672,"MO384","Control"
58.8464411628474,673,"MO384","EOD-FR"
60.418850173301,673,"MO384","EOD-FR"
NA,673,"MO384","EOD-FR"
NA,673,"MO384","EOD-FR"
62.6133122826351,674,"MO384","EOD-FR"
55.6692950526275,674,"MO384","EOD-FR"
NA,674,"MO384","EOD-FR"
NA,674,"MO384","EOD-FR"
55.5065406179206,675,"MO384","EOD-FR"
NA,675,"MO384","EOD-FR"
NA,675,"MO384","EOD-FR"
NA,675,"MO384","EOD-FR"
51.9959410479197,676,"MO384","EOD-FR"
NA,676,"MO384","EOD-FR"
NA,676,"MO384","EOD-FR"
NA,676,"MO384","EOD-FR"
